date,bitcoin_price,stonks
2010-07-19,0.0858,0
2010-07-20,0.0808,-1
2010-07-21,0.0747,-1
2010-07-22,0.0792,1
2010-07-23,0.0505,-1
2010-07-24,0.0626,1
2010-07-25,0.0545,-1
2010-07-26,0.0505,-1
2010-07-27,0.056,1
2010-07-28,0.06,1
2010-07-29,0.0589,-1
2010-07-30,0.0699,1
2010-07-31,0.0627,-1
2010-08-01,0.0679,1
2010-08-02,0.0611,-1
2010-08-03,0.06,-1
2010-08-04,0.06,0
2010-08-05,0.057,-1
2010-08-06,0.061,1
2010-08-07,0.0623,1
2010-08-08,0.059,-1
2010-08-09,0.0609,1
2010-08-10,0.071,1
2010-08-11,0.07,-1
2010-08-12,0.067,-1
2010-08-13,0.07,1
2010-08-14,0.0645,-1
2010-08-15,0.067,1
2010-08-16,0.0653,-1
2010-08-17,0.0655,1
2010-08-18,0.07,1
2010-08-19,0.068,-1
2010-08-20,0.0667,-1
2010-08-21,0.0655,-1
2010-08-22,0.0664,1
2010-08-23,0.066,-1
2010-08-24,0.0649,-1
2010-08-25,0.065,1
2010-08-26,0.0648,-1
2010-08-27,0.064,-1
2010-08-28,0.065,1
2010-08-29,0.0641,-1
2010-08-30,0.064,-1
2010-08-31,0.065,1
2010-09-01,0.06,-1
2010-09-02,0.0629,1
2010-09-03,0.0634,1
2010-09-04,0.0609,-1
2010-09-05,0.0624,1
2010-09-06,0.0616,-1
2010-09-07,0.0616,0
2010-09-08,0.061,-1
2010-09-09,0.062,1
2010-09-10,0.0611,-1
2010-09-11,0.0618,1
2010-09-12,0.0637,1
2010-09-13,0.0615,-1
2010-09-14,0.0622,1
2010-09-15,0.062,-1
2010-09-16,0.0604,-1
2010-09-17,0.0619,1
2010-09-18,0.059,-1
2010-09-19,0.061,1
2010-09-20,0.0627,1
2010-09-21,0.0621,-1
2010-09-22,0.0627,1
2010-09-23,0.0622,-1
2010-09-24,0.0623,1
2010-09-25,0.0622,-1
2010-09-26,0.062,-1
2010-09-27,0.062,0
2010-09-28,0.0622,1
2010-09-29,0.0619,-1
2010-09-30,0.0619,0
2010-10-01,0.0619,0
2010-10-02,0.062,1
2010-10-03,0.0614,-1
2010-10-04,0.0611,-1
2010-10-05,0.0613,1
2010-10-06,0.0614,1
2010-10-07,0.0628,1
2010-10-08,0.067,1
2010-10-09,0.0869,1
2010-10-10,0.0938,1
2010-10-11,0.0965,1
2010-10-12,0.095,-1
2010-10-13,0.0949,-1
2010-10-14,0.105,1
2010-10-15,0.102,-1
2010-10-16,0.105,1
2010-10-17,0.101,-1
2010-10-18,0.102,1
2010-10-19,0.1024,1
2010-10-20,0.097,-1
2010-10-21,0.099,1
2010-10-22,0.107,1
2010-10-23,0.1025,-1
2010-10-24,0.1055,1
2010-10-25,0.115,1
2010-10-26,0.132,1
2010-10-27,0.1503,1
2010-10-28,0.1877,1
2010-10-29,0.1731,-1
2010-10-30,0.19,1
2010-10-31,0.1989,1
2010-11-01,0.1925,-1
2010-11-02,0.1955,1
2010-11-03,0.1938,-1
2010-11-04,0.1931,-1
2010-11-05,0.23,1
2010-11-06,0.26,1
2010-11-07,0.39,1
2010-11-08,0.34,-1
2010-11-09,0.243,-1
2010-11-10,0.21,-1
2010-11-11,0.24,1
2010-11-12,0.2231,-1
2010-11-13,0.2682,1
2010-11-14,0.276,1
2010-11-15,0.279,1
2010-11-16,0.2682,-1
2010-11-17,0.223,-1
2010-11-18,0.2299,1
2010-11-19,0.2678,1
2010-11-20,0.28,1
2010-11-21,0.283,1
2010-11-22,0.2768,-1
2010-11-23,0.2879,1
2010-11-24,0.283,-1
2010-11-25,0.283,0
2010-11-26,0.28,-1
2010-11-27,0.2844,1
2010-11-28,0.283,-1
2010-11-29,0.27,-1
2010-11-30,0.2299,-1
2010-12-01,0.2082,-1
2010-12-02,0.2275,1
2010-12-03,0.255,1
2010-12-04,0.2511,-1
2010-12-05,0.205,-1
2010-12-06,0.19,-1
2010-12-07,0.204,1
2010-12-08,0.233,1
2010-12-09,0.2388,1
2010-12-10,0.2,-1
2010-12-11,0.204,1
2010-12-12,0.228,1
2010-12-13,0.22,-1
2010-12-14,0.2299,1
2010-12-15,0.2467,1
2010-12-16,0.238,-1
2010-12-17,0.25,1
2010-12-18,0.24,-1
2010-12-19,0.241,1
2010-12-20,0.2401,-1
2010-12-21,0.267,1
2010-12-22,0.24,-1
2010-12-23,0.25,1
2010-12-24,0.25,0
2010-12-25,0.248,-1
2010-12-26,0.2499,1
2010-12-27,0.265,1
2010-12-28,0.265,0
2010-12-29,0.281,1
2010-12-30,0.3,1
2010-12-31,0.3,0
2011-01-01,0.3,0
2011-01-02,0.3,0
2011-01-03,0.3,0
2011-01-04,0.295,-1
2011-01-05,0.299,1
2011-01-06,0.299,0
2011-01-07,0.298,-1
2011-01-08,0.32,1
2011-01-09,0.3229,1
2011-01-10,0.323,1
2011-01-11,0.3266,1
2011-01-12,0.3266,0
2011-01-13,0.3188,-1
2011-01-14,0.3176,-1
2011-01-15,0.4,1
2011-01-16,0.386,-1
2011-01-17,0.3868,1
2011-01-18,0.3495,-1
2011-01-19,0.313,-1
2011-01-20,0.313,0
2011-01-21,0.39,1
2011-01-22,0.4199,1
2011-01-23,0.4443,1
2011-01-24,0.4424,-1
2011-01-25,0.4199,-1
2011-01-26,0.41,-1
2011-01-27,0.417,1
2011-01-28,0.4212,1
2011-01-29,0.446,1
2011-01-30,0.439,-1
2011-01-31,0.4799,1
2011-02-01,0.52,1
2011-02-02,0.7,1
2011-02-03,0.716,1
2011-02-04,0.69,-1
2011-02-05,0.811,1
2011-02-06,0.92,1
2011-02-07,0.8997,-1
2011-02-08,0.89,-1
2011-02-09,0.918,1
2011-02-10,1.09,1
2011-02-11,0.9803,-1
2011-02-12,1.07,1
2011-02-13,1.0799,1
2011-02-14,1.05,-1
2011-02-15,1.07,1
2011-02-16,1.05,-1
2011-02-17,1.045,-1
2011-02-18,1.04,-1
2011-02-19,0.8989,-1
2011-02-20,0.949,1
2011-02-21,0.85,-1
2011-02-22,0.8345,-1
2011-02-23,0.8702,1
2011-02-24,0.9,1
2011-02-25,0.9974,1
2011-02-26,0.9111,-1
2011-02-27,0.958,1
2011-02-28,0.89,-1
2011-03-01,0.86,-1
2011-03-02,0.9202,1
2011-03-03,0.9399,1
2011-03-04,0.9391,-1
2011-03-05,0.901,-1
2011-03-06,0.9103,1
2011-03-07,0.8999,-1
2011-03-08,0.885,-1
2011-03-09,0.87,-1
2011-03-10,0.8645,-1
2011-03-11,0.9329,1
2011-03-12,0.88,-1
2011-03-13,0.918,1
2011-03-14,0.8925,-1
2011-03-15,0.8949,1
2011-03-16,0.87,-1
2011-03-17,0.86,-1
2011-03-18,0.8254,-1
2011-03-19,0.8165,-1
2011-03-20,0.765,-1
2011-03-21,0.7411,-1
2011-03-22,0.759,1
2011-03-23,0.809,1
2011-03-24,0.8497,1
2011-03-25,0.8669,1
2011-03-26,0.8838,1
2011-03-27,0.8552,-1
2011-03-28,0.82,-1
2011-03-29,0.799,-1
2011-03-30,0.7925,-1
2011-03-31,0.7897,-1
2011-04-01,0.7846,-1
2011-04-02,0.7741,-1
2011-04-03,0.782,1
2011-04-04,0.779,-1
2011-04-05,0.68,-1
2011-04-06,0.71,1
2011-04-07,0.74,1
2011-04-08,0.7538,1
2011-04-09,0.75,-1
2011-04-10,0.73,-1
2011-04-11,0.7369,1
2011-04-12,0.77,1
2011-04-13,0.86,1
2011-04-14,0.9225,1
2011-04-15,1.0,1
2011-04-16,0.9899,-1
2011-04-17,1.0499,1
2011-04-18,1.1123,1
2011-04-19,1.162,1
2011-04-20,1.1979,1
2011-04-21,1.1421,-1
2011-04-22,1.21,1
2011-04-23,1.409,1
2011-04-24,1.7001,1
2011-04-25,1.6301,-1
2011-04-26,1.559,-1
2011-04-27,1.7949,1
2011-04-28,1.9,1
2011-04-29,2.2106,1
2011-04-30,2.88,1
2011-05-01,3.5,1
2011-05-02,3.0331,-1
2011-05-03,3.2,1
2011-05-04,3.41,1
2011-05-05,3.4061,-1
2011-05-06,3.333,-1
2011-05-07,3.45,1
2011-05-08,3.641,1
2011-05-09,3.8659,1
2011-05-10,3.8,-1
2011-05-11,5.81,1
2011-05-12,5.5,-1
2011-05-13,6.3002,1
2011-05-14,8.198,1
2011-05-15,7.1977,-1
2011-05-16,6.987,-1
2011-05-17,8.0339,1
2011-05-18,7.19,-1
2011-05-19,6.88,-1
2011-05-20,6.805,-1
2011-05-21,5.5904,-1
2011-05-22,6.1197,1
2011-05-23,6.6901,1
2011-05-24,7.1499,1
2011-05-25,7.42,1
2011-05-26,8.3997,1
2011-05-27,8.798,1
2011-05-28,8.5002,-1
2011-05-29,8.3001,-1
2011-05-30,8.4299,1
2011-05-31,8.8,1
2011-06-01,8.741,-1
2011-06-02,9.57,1
2011-06-03,10.6,1
2011-06-04,14.29,1
2011-06-05,18.89,1
2011-06-06,16.7,-1
2011-06-07,18.5499,1
2011-06-08,23.9234,1
2011-06-09,29.6,1
2011-06-10,28.919,-1
2011-06-11,23.9497,-1
2011-06-12,14.6511,-1
2011-06-13,18.5464,1
2011-06-14,19.84,1
2011-06-15,19.28,-1
2011-06-16,19.49,1
2011-06-17,17.0,-1
2011-06-18,15.681,-1
2011-06-19,16.89,1
2011-06-20,17.51,1
2011-06-21,17.51,0
2011-06-22,17.51,0
2011-06-23,17.51,0
2011-06-24,17.51,0
2011-06-25,17.51,0
2011-06-26,17.51,0
2011-06-27,16.45,-1
2011-06-28,16.75,1
2011-06-29,16.9498,1
2011-06-30,16.845,-1
2011-07-01,16.101,-1
2011-07-02,15.397,-1
2011-07-03,15.4,1
2011-07-04,15.4405,1
2011-07-05,13.86,-1
2011-07-06,12.9069,-1
2011-07-07,14.7835,1
2011-07-08,14.7761,-1
2011-07-09,14.314,-1
2011-07-10,14.38,1
2011-07-11,14.9,1
2011-07-12,14.2091,-1
2011-07-13,14.0094,-1
2011-07-14,13.951,-1
2011-07-15,13.99,1
2011-07-16,13.81,-1
2011-07-17,13.7191,-1
2011-07-18,13.16,-1
2011-07-19,13.48,1
2011-07-20,13.8502,1
2011-07-21,13.6894,-1
2011-07-22,13.61,-1
2011-07-23,13.6954,1
2011-07-24,13.68,-1
2011-07-25,13.98,1
2011-07-26,14.0478,1
2011-07-27,13.8821,-1
2011-07-28,13.9394,1
2011-07-29,13.4901,-1
2011-07-30,13.4983,1
2011-07-31,13.5303,1
2011-08-01,13.35,-1
2011-08-02,13.0946,-1
2011-08-03,12.05,-1
2011-08-04,9.26,-1
2011-08-05,10.75,1
2011-08-06,9.7999,-1
2011-08-07,6.55,-1
2011-08-08,7.9,1
2011-08-09,7.7999,-1
2011-08-10,9.99,1
2011-08-11,9.98,-1
2011-08-12,9.4625,-1
2011-08-13,9.4605,-1
2011-08-14,10.131,1
2011-08-15,10.7957,1
2011-08-16,11.1498,1
2011-08-17,10.9641,-1
2011-08-18,10.9456,-1
2011-08-19,10.83,-1
2011-08-20,11.65,1
2011-08-21,11.453,-1
2011-08-22,11.3113,-1
2011-08-23,10.895,-1
2011-08-24,10.94,1
2011-08-25,10.8506,-1
2011-08-26,9.657,-1
2011-08-27,8.1794,-1
2011-08-28,8.5902,1
2011-08-29,9.0701,1
2011-08-30,8.969,-1
2011-08-31,8.7913,-1
2011-09-01,8.1995,-1
2011-09-02,8.21,1
2011-09-03,8.64,1
2011-09-04,8.48,-1
2011-09-05,8.178,-1
2011-09-06,7.611,-1
2011-09-07,6.8628,-1
2011-09-08,7.1864,1
2011-09-09,6.53,-1
2011-09-10,5.03,-1
2011-09-11,4.7739,-1
2011-09-12,5.8644,1
2011-09-13,6.078,1
2011-09-14,5.8,-1
2011-09-15,5.6193,-1
2011-09-16,4.84,-1
2011-09-17,4.82,-1
2011-09-18,4.77,-1
2011-09-19,5.2,1
2011-09-20,5.46,1
2011-09-21,6.1119,1
2011-09-22,5.6114,-1
2011-09-23,5.4278,-1
2011-09-24,5.5451,1
2011-09-25,5.4683,-1
2011-09-26,5.33,-1
2011-09-27,4.8697,-1
2011-09-28,4.9156,1
2011-09-29,4.7725,-1
2011-09-30,4.7794,1
2011-10-01,5.1401,1
2011-10-02,5.0324,-1
2011-10-03,5.027,-1
2011-10-04,5.024,-1
2011-10-05,4.96,-1
2011-10-06,4.87,-1
2011-10-07,4.7344,-1
2011-10-08,4.2728,-1
2011-10-09,4.0075,-1
2011-10-10,4.1029,1
2011-10-11,4.1,-1
2011-10-12,3.9308,-1
2011-10-13,4.15,1
2011-10-14,4.0462,-1
2011-10-15,3.9879,-1
2011-10-16,3.8421,-1
2011-10-17,3.557,-1
2011-10-18,2.56,-1
2011-10-19,2.419,-1
2011-10-20,2.27,-1
2011-10-21,2.348,1
2011-10-22,2.57,1
2011-10-23,3.1588,1
2011-10-24,3.17,1
2011-10-25,2.545,-1
2011-10-26,2.77,1
2011-10-27,2.773,1
2011-10-28,3.04,1
2011-10-29,3.19,1
2011-10-30,3.5811,1
2011-10-31,3.27,-1
2011-11-01,3.248,-1
2011-11-02,3.15,-1
2011-11-03,3.2543,1
2011-11-04,3.152,-1
2011-11-05,3.109,-1
2011-11-06,2.97,-1
2011-11-07,2.9596,-1
2011-11-08,3.0068,1
2011-11-09,3.035,1
2011-11-10,2.95,-1
2011-11-11,2.8399,-1
2011-11-12,3.08,1
2011-11-13,3.031,-1
2011-11-14,2.9969,-1
2011-11-15,2.22,-1
2011-11-16,2.329,1
2011-11-17,2.5604,1
2011-11-18,2.25,-1
2011-11-19,2.05,-1
2011-11-20,2.1959,1
2011-11-21,2.2,1
2011-11-22,2.294,1
2011-11-23,2.3289,1
2011-11-24,2.3321,1
2011-11-25,2.4321,1
2011-11-26,2.5061,1
2011-11-27,2.47,-1
2011-11-28,2.4799,1
2011-11-29,2.55,1
2011-11-30,2.7502,1
2011-12-01,2.9701,1
2011-12-02,3.06,1
2011-12-03,3.1151,1
2011-12-04,2.794,-1
2011-12-05,2.8281,1
2011-12-06,2.8798,1
2011-12-07,3.03,1
2011-12-08,2.99,-1
2011-12-09,2.98,-1
2011-12-10,2.97,-1
2011-12-11,3.05,1
2011-12-12,3.2511,1
2011-12-13,3.135,-1
2011-12-14,3.2499,1
2011-12-15,3.15,-1
2011-12-16,3.2,1
2011-12-17,3.2,0
2011-12-18,3.2001,1
2011-12-19,3.193,-1
2011-12-20,3.5202,1
2011-12-21,3.95,1
2011-12-22,3.89,-1
2011-12-23,3.8901,1
2011-12-24,3.9468,1
2011-12-25,3.94,-1
2011-12-26,4.225,1
2011-12-27,4.018,-1
2011-12-28,4.07,1
2011-12-29,4.1855,1
2011-12-30,4.166,-1
2011-12-31,4.248,1
2012-01-01,4.722,1
2012-01-02,5.2677,1
2012-01-03,5.2168,-1
2012-01-04,4.8808,-1
2012-01-05,5.5738,1
2012-01-06,6.9476,1
2012-01-07,6.6969,-1
2012-01-08,6.81,1
2012-01-09,7.1136,1
2012-01-10,6.3257,-1
2012-01-11,6.36,1
2012-01-12,6.9,1
2012-01-13,6.8,-1
2012-01-14,6.41,-1
2012-01-15,6.75,1
2012-01-16,7.0018,1
2012-01-17,6.6825,-1
2012-01-18,5.6,-1
2012-01-19,5.92,1
2012-01-20,6.3598,1
2012-01-21,6.4898,1
2012-01-22,6.18,-1
2012-01-23,6.3097,1
2012-01-24,6.356,1
2012-01-25,6.2898,-1
2012-01-26,5.75,-1
2012-01-27,5.34,-1
2012-01-28,5.292,-1
2012-01-29,5.6267,1
2012-01-30,5.3809,-1
2012-01-31,5.4905,1
2012-02-01,5.4838,-1
2012-02-02,6.0756,1
2012-02-03,6.1,1
2012-02-04,5.9593,-1
2012-02-05,5.8734,-1
2012-02-06,5.6888,-1
2012-02-07,5.4535,-1
2012-02-08,5.69,1
2012-02-09,5.6,-1
2012-02-10,5.83,1
2012-02-11,5.9126,1
2012-02-12,5.6005,-1
2012-02-13,5.5147,-1
2012-02-14,5.26,-1
2012-02-15,4.4629,-1
2012-02-16,4.3251,-1
2012-02-17,4.2739,-1
2012-02-18,4.41,1
2012-02-19,4.222,-1
2012-02-20,4.3867,1
2012-02-21,4.3615,-1
2012-02-22,4.272,-1
2012-02-23,4.4247,1
2012-02-24,5.015,1
2012-02-25,5.0288,1
2012-02-26,4.773,-1
2012-02-27,4.922,1
2012-02-28,4.956,1
2012-02-29,4.868,-1
2012-03-01,4.86,-1
2012-03-02,4.9213,1
2012-03-03,4.705,-1
2012-03-04,4.6144,-1
2012-03-05,4.82,1
2012-03-06,4.9843,1
2012-03-07,4.9901,1
2012-03-08,4.9375,-1
2012-03-09,4.9302,-1
2012-03-10,4.8611,-1
2012-03-11,4.8332,-1
2012-03-12,4.91,1
2012-03-13,4.8901,-1
2012-03-14,5.27,1
2012-03-15,5.38,1
2012-03-16,5.3266,-1
2012-03-17,5.3439,1
2012-03-18,5.2159,-1
2012-03-19,5.2794,1
2012-03-20,4.6939,-1
2012-03-21,4.8379,1
2012-03-22,4.8149,-1
2012-03-23,4.7043,-1
2012-03-24,4.686,-1
2012-03-25,4.676,-1
2012-03-26,4.55,-1
2012-03-27,4.6191,1
2012-03-28,4.8113,1
2012-03-29,4.788,-1
2012-03-30,4.8084,1
2012-03-31,4.86,1
2012-04-01,4.9087,1
2012-04-02,4.827,-1
2012-04-03,4.974,1
2012-04-04,4.952,-1
2012-04-05,4.9101,-1
2012-04-06,4.919,1
2012-04-07,4.9499,1
2012-04-08,4.6872,-1
2012-04-09,4.7925,1
2012-04-10,4.8719,1
2012-04-11,4.8367,-1
2012-04-12,4.9279,1
2012-04-13,4.9197,-1
2012-04-14,4.94,1
2012-04-15,4.9597,1
2012-04-16,4.9689,1
2012-04-17,4.932,-1
2012-04-18,4.9759,1
2012-04-19,5.1178,1
2012-04-20,5.1377,1
2012-04-21,5.35,1
2012-04-22,5.2601,-1
2012-04-23,5.2035,-1
2012-04-24,4.96,-1
2012-04-25,5.0982,1
2012-04-26,5.1318,1
2012-04-27,5.0976,-1
2012-04-28,5.1095,1
2012-04-29,4.9794,-1
2012-04-30,4.9044,-1
2012-05-01,4.9491,1
2012-05-02,5.0,1
2012-05-03,5.0737,1
2012-05-04,5.1344,1
2012-05-05,5.067,-1
2012-05-06,5.077,1
2012-05-07,5.0499,-1
2012-05-08,5.06,1
2012-05-09,5.05,-1
2012-05-10,5.0437,-1
2012-05-11,4.85,-1
2012-05-12,4.96,1
2012-05-13,4.9462,-1
2012-05-14,4.93,-1
2012-05-15,5.0059,1
2012-05-16,5.035,1
2012-05-17,5.0887,1
2012-05-18,5.0998,1
2012-05-19,5.118,1
2012-05-20,5.0995,-1
2012-05-21,5.09,-1
2012-05-22,5.0998,1
2012-05-23,5.0988,-1
2012-05-24,5.1397,1
2012-05-25,5.119,-1
2012-05-26,5.1455,1
2012-05-27,5.1032,-1
2012-05-28,5.139,1
2012-05-29,5.1358,-1
2012-05-30,5.15,1
2012-05-31,5.135,-1
2012-06-01,5.1801,1
2012-06-02,5.2748,1
2012-06-03,5.249,-1
2012-06-04,5.2051,-1
2012-06-05,5.266,1
2012-06-06,5.44,1
2012-06-07,5.46,1
2012-06-08,5.591,1
2012-06-09,5.633,1
2012-06-10,5.56,-1
2012-06-11,5.4683,-1
2012-06-12,5.5747,1
2012-06-13,5.7,1
2012-06-14,5.929,1
2012-06-15,5.9541,1
2012-06-16,6.5,1
2012-06-17,6.4,-1
2012-06-18,6.1638,-1
2012-06-19,6.31,1
2012-06-20,6.4988,1
2012-06-21,6.67,1
2012-06-22,6.6801,1
2012-06-23,6.5478,-1
2012-06-24,6.4285,-1
2012-06-25,6.35,-1
2012-06-26,6.3048,-1
2012-06-27,6.4195,1
2012-06-28,6.647,1
2012-06-29,6.6059,-1
2012-06-30,6.65,1
2012-07-01,6.69,1
2012-07-02,6.629,-1
2012-07-03,6.76,1
2012-07-04,6.4499,-1
2012-07-05,6.5101,1
2012-07-06,6.67,1
2012-07-07,6.6481,-1
2012-07-08,6.7621,1
2012-07-09,6.799,1
2012-07-10,7.0215,1
2012-07-11,7.1999,1
2012-07-12,7.15,-1
2012-07-13,7.7644,1
2012-07-14,7.6651,-1
2012-07-15,7.5421,-1
2012-07-16,7.621,1
2012-07-17,8.4996,1
2012-07-18,8.8,1
2012-07-19,9.1098,1
2012-07-20,8.87,-1
2012-07-21,8.52,-1
2012-07-22,8.8455,1
2012-07-23,8.4096,-1
2012-07-24,8.4457,1
2012-07-25,8.6,1
2012-07-26,8.8,1
2012-07-27,8.9,1
2012-07-28,8.9,0
2012-07-29,8.8881,-1
2012-07-30,8.7103,-1
2012-07-31,9.098,1
2012-08-01,9.35,1
2012-08-02,9.5503,1
2012-08-03,10.53,1
2012-08-04,10.97,1
2012-08-05,10.984,1
2012-08-06,10.87,-1
2012-08-07,10.8552,-1
2012-08-08,11.1,1
2012-08-09,11.0553,-1
2012-08-10,11.0611,1
2012-08-11,11.3864,1
2012-08-12,11.5102,1
2012-08-13,11.624,1
2012-08-14,12.0375,1
2012-08-15,12.19,1
2012-08-16,13.25,1
2012-08-17,13.5,1
2012-08-18,11.5836,-1
2012-08-19,11.61,1
2012-08-20,8.0,-1
2012-08-21,10.1,1
2012-08-22,9.915,-1
2012-08-23,9.8068,-1
2012-08-24,10.1,1
2012-08-25,10.6,1
2012-08-26,10.5239,-1
2012-08-27,10.61,1
2012-08-28,10.95,1
2012-08-29,10.94,-1
2012-08-30,10.9169,-1
2012-08-31,10.777,-1
2012-09-01,10.16,-1
2012-09-02,9.9654,-1
2012-09-03,10.2041,1
2012-09-04,10.53,1
2012-09-05,10.3847,-1
2012-09-06,10.9997,1
2012-09-07,11.181,1
2012-09-08,11.0,-1
2012-09-09,11.037,1
2012-09-10,11.02,-1
2012-09-11,11.17,1
2012-09-12,11.3308,1
2012-09-13,11.3649,1
2012-09-14,11.399,1
2012-09-15,11.67,1
2012-09-16,11.75,1
2012-09-17,11.87,1
2012-09-18,11.89,1
2012-09-19,12.25,1
2012-09-20,12.5725,1
2012-09-21,12.2825,-1
2012-09-22,12.368,1
2012-09-23,12.2378,-1
2012-09-24,12.1933,-1
2012-09-25,12.1,-1
2012-09-26,12.197,1
2012-09-27,12.27,1
2012-09-28,12.3089,1
2012-09-29,12.391,1
2012-09-30,12.3631,-1
2012-10-01,12.4,1
2012-10-02,12.4,0
2012-10-03,12.84,1
2012-10-04,12.89,1
2012-10-05,12.85,-1
2012-10-06,12.688,-1
2012-10-07,12.505,-1
2012-10-08,11.8,-1
2012-10-09,11.7781,-1
2012-10-10,11.895,1
2012-10-11,12.12,1
2012-10-12,12.03,-1
2012-10-13,12.0,-1
2012-10-14,11.861,-1
2012-10-15,11.7389,-1
2012-10-16,11.8381,1
2012-10-17,11.8499,1
2012-10-18,11.81,-1
2012-10-19,11.9398,1
2012-10-20,11.7401,-1
2012-10-21,11.7399,-1
2012-10-22,11.6311,-1
2012-10-23,11.7101,1
2012-10-24,11.65,-1
2012-10-25,11.65,0
2012-10-26,10.8616,-1
2012-10-27,10.1706,-1
2012-10-28,10.2605,1
2012-10-29,10.7,1
2012-10-30,10.6,-1
2012-10-31,10.8875,1
2012-11-01,11.201,1
2012-11-02,10.57,-1
2012-11-03,10.4688,-1
2012-11-04,10.6425,1
2012-11-05,10.8001,1
2012-11-06,10.748,-1
2012-11-07,10.899,1
2012-11-08,10.92,1
2012-11-09,10.925,1
2012-11-10,10.815,-1
2012-11-11,10.89,1
2012-11-12,10.8687,-1
2012-11-13,11.008,1
2012-11-14,10.9512,-1
2012-11-15,10.95,-1
2012-11-16,11.1977,1
2012-11-17,11.7489,1
2012-11-18,11.7889,1
2012-11-19,11.6515,-1
2012-11-20,11.7999,1
2012-11-21,11.7328,-1
2012-11-22,11.77,1
2012-11-23,12.4219,1
2012-11-24,12.345,-1
2012-11-25,12.4115,1
2012-11-26,12.4821,1
2012-11-27,12.2455,-1
2012-11-28,12.2,-1
2012-11-29,12.3477,1
2012-11-30,12.45,1
2012-12-01,12.565,1
2012-12-02,12.562,-1
2012-12-03,12.5,-1
2012-12-04,12.679,1
2012-12-05,13.41,1
2012-12-06,13.38,-1
2012-12-07,13.299,-1
2012-12-08,13.4999,1
2012-12-09,13.4201,-1
2012-12-10,13.388,-1
2012-12-11,13.4334,1
2012-12-12,13.557,1
2012-12-13,13.6989,1
2012-12-14,13.7001,1
2012-12-15,13.6,-1
2012-12-16,13.4901,-1
2012-12-17,13.3,-1
2012-12-18,13.2501,-1
2012-12-19,13.299,1
2012-12-20,13.599,1
2012-12-21,13.5246,-1
2012-12-22,13.5,-1
2012-12-23,13.3714,-1
2012-12-24,13.312,-1
2012-12-25,13.38,1
2012-12-26,13.35,-1
2012-12-27,13.4679,1
2012-12-28,13.4217,-1
2012-12-29,13.4212,-1
2012-12-30,13.4,-1
2012-12-31,13.45,1
2013-01-01,13.51,1
2013-01-02,13.3041,-1
2013-01-03,13.28,-1
2013-01-04,13.3979,1
2013-01-05,13.5,1
2013-01-06,13.44,-1
2013-01-07,13.454,1
2013-01-08,13.5876,1
2013-01-09,13.7428,1
2013-01-10,13.77,1
2013-01-11,14.14,1
2013-01-12,14.137,-1
2013-01-13,14.237,1
2013-01-14,14.116,-1
2013-01-15,14.3,1
2013-01-16,14.25,-1
2013-01-17,14.73,1
2013-01-18,15.5,1
2013-01-19,15.705,1
2013-01-20,15.615,-1
2013-01-21,15.7,1
2013-01-22,16.8,1
2013-01-23,17.2614,1
2013-01-24,17.5,1
2013-01-25,16.896,-1
2013-01-26,17.4,1
2013-01-27,17.88,1
2013-01-28,17.8182,-1
2013-01-29,18.721,1
2013-01-30,19.5254,1
2013-01-31,19.7,1
2013-02-01,20.41,1
2013-02-02,20.499,1
2013-02-03,19.63,-1
2013-02-04,20.59,1
2013-02-05,20.4301,-1
2013-02-06,20.6,1
2013-02-07,21.18,1
2013-02-08,22.15,1
2013-02-09,22.66,1
2013-02-10,23.65,1
2013-02-11,23.9698,1
2013-02-12,24.65,1
2013-02-13,25.1698,1
2013-02-14,24.2,-1
2013-02-15,27.2205,1
2013-02-16,27.1,-1
2013-02-17,27.2158,1
2013-02-18,26.8146,-1
2013-02-19,26.95,1
2013-02-20,29.4176,1
2013-02-21,29.645,1
2013-02-22,29.7477,1
2013-02-23,30.2454,1
2013-02-24,29.8,-1
2013-02-25,29.89,1
2013-02-26,30.4,1
2013-02-27,31.1,1
2013-02-28,30.9012,-1
2013-03-01,33.38,1
2013-03-02,34.5,1
2013-03-03,34.25,-1
2013-03-04,34.5,1
2013-03-05,36.152,1
2013-03-06,40.33,1
2013-03-07,41.0201,1
2013-03-08,42.0,1
2013-03-09,44.18,1
2013-03-10,46.85,1
2013-03-11,46.0,-1
2013-03-12,48.4,1
2013-03-13,44.2899,-1
2013-03-14,46.92,1
2013-03-15,47.1696,1
2013-03-16,46.95,-1
2013-03-17,47.0002,1
2013-03-18,47.4,1
2013-03-19,51.6,1
2013-03-20,59.14,1
2013-03-21,64.4888,1
2013-03-22,70.85,1
2013-03-23,69.865,-1
2013-03-24,64.35,-1
2013-03-25,71.5,1
2013-03-26,73.6,1
2013-03-27,78.5,1
2013-03-28,88.92,1
2013-03-29,86.18,-1
2013-03-30,90.5,1
2013-03-31,92.19,1
2013-04-01,93.03,1
2013-04-02,104.0,1
2013-04-03,117.98,1
2013-04-04,135.0,1
2013-04-05,132.12,-1
2013-04-06,142.3236,1
2013-04-07,142.6311,1
2013-04-08,162.301,1
2013-04-09,187.5,1
2013-04-10,230.0,1
2013-04-11,165.0,-1
2013-04-12,124.9,-1
2013-04-13,117.0,-1
2013-04-14,93.0,-1
2013-04-15,90.0,-1
2013-04-16,82.386,-1
2013-04-17,68.3557,-1
2013-04-18,93.07,1
2013-04-19,109.01,1
2013-04-20,118.48,1
2013-04-21,126.6155,1
2013-04-22,119.2,-1
2013-04-23,127.4,1
2013-04-24,143.475,1
2013-04-25,154.2,1
2013-04-26,141.71,-1
2013-04-27,136.9,-1
2013-04-28,128.0001,-1
2013-04-29,134.4444,1
2013-04-30,143.9999,1
2013-05-01,139.2269,-1
2013-05-02,116.38,-1
2013-05-03,106.25,-1
2013-05-04,98.1,-1
2013-05-05,112.9,1
2013-05-06,115.98,1
2013-05-07,112.25,-1
2013-05-08,109.6001,-1
2013-05-09,113.2,1
2013-05-10,112.799,-1
2013-05-11,117.7,1
2013-05-12,115.64,-1
2013-05-13,114.82,-1
2013-05-14,117.9797,1
2013-05-15,111.4,-1
2013-05-16,114.22,1
2013-05-17,118.21,1
2013-05-18,123.5,1
2013-05-19,123.211,-1
2013-05-20,122.5,-1
2013-05-21,122.02,-1
2013-05-22,122.89,1
2013-05-23,123.8,1
2013-05-24,126.3,1
2013-05-25,133.1,1
2013-05-26,131.986,-1
2013-05-27,133.5,1
2013-05-28,129.77,-1
2013-05-29,129.0,-1
2013-05-30,132.25,1
2013-05-31,128.799,-1
2013-06-01,128.8151,1
2013-06-02,129.3,1
2013-06-03,122.5,-1
2013-06-04,120.7372,-1
2013-06-05,121.4,1
2013-06-06,121.9,1
2013-06-07,118.9699,-1
2013-06-08,111.0,-1
2013-06-09,107.8924,-1
2013-06-10,100.4374,-1
2013-06-11,106.35,1
2013-06-12,109.0,1
2013-06-13,108.7759,-1
2013-06-14,103.949,-1
2013-06-15,100.0,-1
2013-06-16,99.8,-1
2013-06-17,99.9,1
2013-06-18,101.95,1
2013-06-19,107.35,1
2013-06-20,108.251,1
2013-06-21,111.29,1
2013-06-22,109.5,-1
2013-06-23,108.2,-1
2013-06-24,107.9,-1
2013-06-25,102.09,-1
2013-06-26,103.3293,1
2013-06-27,104.0,1
2013-06-28,101.7368,-1
2013-06-29,94.66,-1
2013-06-30,94.999,1
2013-07-01,97.51,1
2013-07-02,84.6069,-1
2013-07-03,87.6562,1
2013-07-04,76.8901,-1
2013-07-05,77.685,1
2013-07-06,66.34,-1
2013-07-07,66.855,1
2013-07-08,72.5053,1
2013-07-09,74.56,1
2013-07-10,74.225,-1
2013-07-11,84.515,1
2013-07-12,91.22,1
2013-07-13,88.465,-1
2013-07-14,91.3888,1
2013-07-15,90.3713,-1
2013-07-16,93.14,1
2013-07-17,92.7415,-1
2013-07-18,90.5425,-1
2013-07-19,85.4298,-1
2013-07-20,85.7775,1
2013-07-21,85.6675,-1
2013-07-22,85.4725,-1
2013-07-23,86.0862,1
2013-07-24,86.9389,1
2013-07-25,87.4575,1
2013-07-26,89.41,1
2013-07-27,90.6325,1
2013-07-28,89.0975,-1
2013-07-29,92.1,1
2013-07-30,93.2981,1
2013-07-31,96.31,1
2013-08-01,97.915,1
2013-08-02,96.4175,-1
2013-08-03,97.24,1
2013-08-04,96.66,-1
2013-08-05,96.6,-1
2013-08-06,96.92,1
2013-08-07,97.1331,1
2013-08-08,96.92,-1
2013-08-09,94.775,-1
2013-08-10,93.36,-1
2013-08-11,93.2875,-1
2013-08-12,94.1625,1
2013-08-13,95.085,1
2013-08-14,97.9021,1
2013-08-15,97.96,1
2013-08-16,97.545,-1
2013-08-17,98.33,1
2013-08-18,99.565,1
2013-08-19,98.845,-1
2013-08-20,102.2997,1
2013-08-21,105.0125,1
2013-08-22,111.445,1
2013-08-23,109.73,-1
2013-08-24,107.5475,-1
2013-08-25,108.6875,1
2013-08-26,111.795,1
2013-08-27,112.23,1
2013-08-28,117.4461,1
2013-08-29,117.59,1
2013-08-30,117.5227,-1
2013-08-31,123.2332,1
2013-09-01,129.46,1
2013-09-02,128.2597,-1
2013-09-03,127.3648,-1
2013-09-04,127.5915,1
2013-09-05,120.5738,-1
2013-09-06,120.5333,-1
2013-09-07,116.321,-1
2013-09-08,119.0547,1
2013-09-09,116.595,-1
2013-09-10,120.0188,1
2013-09-11,121.458,1
2013-09-12,125.4518,1
2013-09-13,125.7598,1
2013-09-14,126.5072,1
2013-09-15,124.0813,-1
2013-09-16,124.5783,1
2013-09-17,125.0618,1
2013-09-18,125.9683,1
2013-09-19,126.3045,1
2013-09-20,124.1937,-1
2013-09-21,122.9008,-1
2013-09-22,122.6435,-1
2013-09-23,122.651,1
2013-09-24,122.2235,-1
2013-09-25,122.5383,1
2013-09-26,123.423,1
2013-09-27,123.4763,1
2013-09-28,123.4983,1
2013-09-29,124.7483,1
2013-09-30,125.1807,1
2013-10-01,123.0983,-1
2013-10-02,125.4938,1
2013-10-03,99.8135,-1
2013-10-04,116.8168,1
2013-10-05,121.2945,1
2013-10-06,121.1398,-1
2013-10-07,121.6828,1
2013-10-08,123.245,1
2013-10-09,124.3182,1
2013-10-10,125.8423,1
2013-10-11,125.6982,-1
2013-10-12,125.5117,-1
2013-10-13,126.5232,1
2013-10-14,130.4155,1
2013-10-15,133.0355,1
2013-10-16,138.6417,1
2013-10-17,137.4188,-1
2013-10-18,142.735,1
2013-10-19,149.5947,1
2013-10-20,159.8115,1
2013-10-21,163.0632,1
2013-10-22,174.1772,1
2013-10-23,183.8648,1
2013-10-24,200.62,1
2013-10-25,183.1482,-1
2013-10-26,178.1217,-1
2013-10-27,175.9008,-1
2013-10-28,185.6888,1
2013-10-29,187.8683,1
2013-10-30,198.1932,1
2013-10-31,194.5493,-1
2013-11-01,198.2263,1
2013-11-02,198.5098,1
2013-11-03,200.8473,1
2013-11-04,207.6335,1
2013-11-05,225.196,1
2013-11-06,239.29,1
2013-11-07,253.6933,1
2013-11-08,283.3023,1
2013-11-09,323.767,1
2013-11-10,336.1358,1
2013-11-11,311.9005,-1
2013-11-12,332.6263,1
2013-11-13,349.3425,1
2013-11-14,393.2795,1
2013-11-15,410.723,1
2013-11-16,409.1675,-1
2013-11-17,428.8238,1
2013-11-18,476.295,1
2013-11-19,674.3768,1
2013-11-20,541.8257,-1
2013-11-21,572.6675,1
2013-11-22,695.8668,1
2013-11-23,747.4818,1
2013-11-24,776.6998,1
2013-11-25,751.377,-1
2013-11-26,778.6753,1
2013-11-27,899.2,1
2013-11-28,948.4088,1
2013-11-29,1037.755,1
2013-11-30,1120.3971,1
2013-12-01,1124.7631,1
2013-12-02,946.9237,-1
2013-12-03,1038.3485,1
2013-12-04,1068.6675,1
2013-12-05,1147.2457,1
2013-12-06,1042.0267,-1
2013-12-07,834.0262,-1
2013-12-08,694.4709,-1
2013-12-09,795.3968,1
2013-12-10,898.0222,1
2013-12-11,989.9975,1
2013-12-12,883.2617,-1
2013-12-13,875.7474,-1
2013-12-14,898.2112,1
2013-12-15,867.495,-1
2013-12-16,879.4692,1
2013-12-17,712.508,-1
2013-12-18,683.8408,-1
2013-12-19,522.2288,-1
2013-12-20,698.4503,1
2013-12-21,622.8418,-1
2013-12-22,608.9638,-1
2013-12-23,617.8158,1
2013-12-24,673.1677,1
2013-12-25,667.6203,-1
2013-12-26,687.3557,1
2013-12-27,765.2067,1
2013-12-28,746.7232,-1
2013-12-29,730.4715,-1
2013-12-30,745.0712,1
2013-12-31,754.7645,1
2014-01-01,757.4953,1
2014-01-02,770.4357,1
2014-01-03,808.0485,1
2014-01-04,830.024,1
2014-01-05,858.9833,1
2014-01-06,940.0972,1
2014-01-07,951.3865,1
2014-01-08,810.5833,-1
2014-01-09,859.9485,1
2014-01-10,860.895,1
2014-01-11,884.6667,1
2014-01-12,930.905,1
2014-01-13,873.2635,-1
2014-01-14,857.9564,-1
2014-01-15,851.828,-1
2014-01-16,874.713,1
2014-01-17,847.3735,-1
2014-01-18,828.222,-1
2014-01-19,843.7583,1
2014-01-20,878.6807,1
2014-01-21,871.0483,-1
2014-01-22,874.2885,1
2014-01-23,863.95,-1
2014-01-24,854.3475,-1
2014-01-25,825.1221,-1
2014-01-26,861.8516,1
2014-01-27,880.1523,1
2014-01-28,814.5302,-1
2014-01-29,833.9395,1
2014-01-30,837.5148,1
2014-01-31,845.8467,1
2014-02-01,848.2875,1
2014-02-02,853.0164,1
2014-02-03,854.375,1
2014-02-04,846.9048,-1
2014-02-05,842.0123,-1
2014-02-06,820.867,-1
2014-02-07,783.6211,-1
2014-02-08,703.567,-1
2014-02-09,676.9094,-1
2014-02-10,681.9371,1
2014-02-11,679.7338,-1
2014-02-12,669.4418,-1
2014-02-13,648.3835,-1
2014-02-14,598.4075,-1
2014-02-15,656.6068,1
2014-02-16,645.43,-1
2014-02-17,610.6525,-1
2014-02-18,621.494,1
2014-02-19,621.2235,-1
2014-02-20,617.71,-1
2014-02-21,552.2138,-1
2014-02-22,569.0425,1
2014-02-23,604.7473,1
2014-02-24,604.5823,-1
2014-02-25,545.3225,-1
2014-02-26,534.7108,-1
2014-02-27,577.0858,1
2014-02-28,576.698,-1
2014-03-01,543.9265,-1
2014-03-02,563.7358,1
2014-03-03,560.3045,-1
2014-03-04,661.1225,1
2014-03-05,663.598,1
2014-03-06,661.7858,-1
2014-03-07,658.7245,-1
2014-03-08,625.8278,-1
2014-03-09,615.24,-1
2014-03-10,633.1825,1
2014-03-11,625.8285,-1
2014-03-12,628.9543,1
2014-03-13,631.3913,1
2014-03-14,638.165,1
2014-03-15,626.7067,-1
2014-03-16,633.6652,1
2014-03-17,630.7167,-1
2014-03-18,621.2225,-1
2014-03-19,613.6315,-1
2014-03-20,608.8157,-1
2014-03-21,586.5898,-1
2014-03-22,570.7705,-1
2014-03-23,564.4215,-1
2014-03-24,561.3534,-1
2014-03-25,586.2718,1
2014-03-26,582.2802,-1
2014-03-27,579.0722,-1
2014-03-28,478.1595,-1
2014-03-29,502.4399,1
2014-03-30,493.1803,-1
2014-03-31,461.8695,-1
2014-04-01,458.4972,-1
2014-04-02,478.7163,1
2014-04-03,437.515,-1
2014-04-04,447.0822,1
2014-04-05,448.8792,1
2014-04-06,464.8259,1
2014-04-07,460.7028,-1
2014-04-08,446.2195,-1
2014-04-09,450.4638,1
2014-04-10,440.1983,-1
2014-04-11,360.8407,-1
2014-04-12,420.0563,1
2014-04-13,420.66,1
2014-04-14,414.9495,-1
2014-04-15,457.6338,1
2014-04-16,520.1233,1
2014-04-17,529.1625,1
2014-04-18,494.4,-1
2014-04-19,478.2312,-1
2014-04-20,501.5515,1
2014-04-21,497.3177,-1
2014-04-22,493.0921,-1
2014-04-23,484.429,-1
2014-04-24,486.9317,1
2014-04-25,500.2568,1
2014-04-26,459.6104,-1
2014-04-27,456.1395,-1
2014-04-28,429.6537,-1
2014-04-29,437.0587,1
2014-04-30,444.2533,1
2014-05-01,445.8655,1
2014-05-02,456.2673,1
2014-05-03,446.6438,-1
2014-05-04,436.9381,-1
2014-05-05,434.0643,-1
2014-05-06,429.7242,-1
2014-05-07,426.992,-1
2014-05-08,436.9605,1
2014-05-09,435.343,-1
2014-05-10,448.235,1
2014-05-11,452.7108,1
2014-05-12,436.542,-1
2014-05-13,438.4278,1
2014-05-14,437.413,-1
2014-05-15,441.7498,1
2014-05-16,444.3162,1
2014-05-17,445.0133,1
2014-05-18,446.3583,1
2014-05-19,444.809,-1
2014-05-20,444.3128,-1
2014-05-21,485.8305,1
2014-05-22,489.1625,1
2014-05-23,526.0577,1
2014-05-24,519.0392,-1
2014-05-25,525.6332,1
2014-05-26,570.095,1
2014-05-27,581.8267,1
2014-05-28,569.6332,-1
2014-05-29,574.4547,1
2014-05-30,565.5058,-1
2014-05-31,616.47,1
2014-06-01,623.2567,1
2014-06-02,629.0242,1
2014-06-03,658.786,1
2014-06-04,665.73,1
2014-06-05,636.7837,-1
2014-06-06,656.0598,1
2014-06-07,645.5647,-1
2014-06-08,652.7083,1
2014-06-09,653.6402,1
2014-06-10,645.341,-1
2014-06-11,649.8068,1
2014-06-12,627.9098,-1
2014-06-13,581.8033,-1
2014-06-14,597.4267,1
2014-06-15,571.6902,-1
2014-06-16,591.9718,1
2014-06-17,588.06,-1
2014-06-18,607.3427,1
2014-06-19,604.8752,-1
2014-06-20,592.2648,-1
2014-06-21,588.5215,-1
2014-06-22,591.0298,1
2014-06-23,598.8765,1
2014-06-24,587.4598,-1
2014-06-25,575.0667,-1
2014-06-26,562.1263,-1
2014-06-27,579.3842,1
2014-06-28,600.8645,1
2014-06-29,591.994,-1
2014-06-30,598.6032,1
2014-07-01,639.3623,1
2014-07-02,635.5905,-1
2014-07-03,647.34,1
2014-07-04,640.6879,-1
2014-07-05,626.9575,-1
2014-07-06,628.3313,1
2014-07-07,631.7065,1
2014-07-08,617.9918,-1
2014-07-09,620.2193,1
2014-07-10,620.5496,1
2014-07-11,615.1129,-1
2014-07-12,631.1804,1
2014-07-13,634.4775,1
2014-07-14,627.5759,-1
2014-07-15,618.3798,-1
2014-07-16,619.3558,1
2014-07-17,615.2039,-1
2014-07-18,622.6234,1
2014-07-19,628.2156,1
2014-07-20,625.8011,-1
2014-07-21,621.3725,-1
2014-07-22,620.0103,-1
2014-07-23,618.8076,-1
2014-07-24,617.9274,-1
2014-07-25,600.0065,-1
2014-07-26,599.928,-1
2014-07-27,593.8526,-1
2014-07-28,590.9454,-1
2014-07-29,584.6931,-1
2014-07-30,582.2034,-1
2014-07-31,564.37,-1
2014-08-01,581.3501,1
2014-08-02,595.0845,1
2014-08-03,587.2878,-1
2014-08-04,585.5078,-1
2014-08-05,586.7639,1
2014-08-06,583.1125,-1
2014-08-07,583.0355,-1
2014-08-08,587.3971,1
2014-08-09,590.5324,1
2014-08-10,588.095,-1
2014-08-11,589.45,1
2014-08-12,573.3066,-1
2014-08-13,568.2099,-1
2014-08-14,544.5681,-1
2014-08-15,508.5536,-1
2014-08-16,496.6164,-1
2014-08-17,519.8314,1
2014-08-18,492.9513,-1
2014-08-19,460.6719,-1
2014-08-20,486.736,1
2014-08-21,511.9259,1
2014-08-22,516.1605,1
2014-08-23,513.9419,-1
2014-08-24,497.2185,-1
2014-08-25,508.5735,1
2014-08-26,501.6296,-1
2014-08-27,513.4704,1
2014-08-28,510.43,-1
2014-08-29,507.0154,-1
2014-08-30,508.4224,1
2014-08-31,501.2031,-1
2014-09-01,478.0734,-1
2014-09-02,474.1346,-1
2014-09-03,475.3181,1
2014-09-04,474.537,-1
2014-09-05,489.0865,1
2014-09-06,480.501,-1
2014-09-07,482.2371,1
2014-09-08,479.4833,-1
2014-09-09,472.1479,-1
2014-09-10,471.5576,-1
2014-09-11,477.5273,1
2014-09-12,476.3349,-1
2014-09-13,473.8254,-1
2014-09-14,477.0861,1
2014-09-15,474.715,-1
2014-09-16,471.3586,-1
2014-09-17,463.7388,-1
2014-09-18,454.9143,-1
2014-09-19,421.4594,-1
2014-09-20,391.9439,-1
2014-09-21,406.8248,1
2014-09-22,396.567,-1
2014-09-23,398.8854,1
2014-09-24,435.3779,1
2014-09-25,422.2984,-1
2014-09-26,408.7985,-1
2014-09-27,401.9203,-1
2014-09-28,398.3571,-1
2014-09-29,376.1983,-1
2014-09-30,374.7344,-1
2014-10-01,386.2687,1
2014-10-02,381.3324,-1
2014-10-03,371.9859,-1
2014-10-04,356.5566,-1
2014-10-05,325.4921,-1
2014-10-06,319.6406,-1
2014-10-07,328.4594,1
2014-10-08,334.0911,1
2014-10-09,352.7889,1
2014-10-10,363.7751,1
2014-10-11,358.6859,-1
2014-10-12,359.2029,1
2014-10-13,376.1891,1
2014-10-14,388.377,1
2014-10-15,398.7068,1
2014-10-16,391.8433,-1
2014-10-17,380.0801,-1
2014-10-18,380.4216,1
2014-10-19,388.9618,1
2014-10-20,386.5889,-1
2014-10-21,379.3713,-1
2014-10-22,382.377,1
2014-10-23,379.0963,-1
2014-10-24,355.8614,-1
2014-10-25,355.1695,-1
2014-10-26,346.1126,-1
2014-10-27,351.5414,1
2014-10-28,348.9613,-1
2014-10-29,351.8971,1
2014-10-30,333.3788,-1
2014-10-31,343.7828,1
2014-11-01,336.7995,-1
2014-11-02,325.3865,-1
2014-11-03,323.7426,-1
2014-11-04,324.2303,1
2014-11-05,328.2833,1
2014-11-06,337.139,1
2014-11-07,348.235,1
2014-11-08,341.0795,-1
2014-11-09,344.034,1
2014-11-10,363.3062,1
2014-11-11,365.2897,1
2014-11-12,366.9933,1
2014-11-13,427.2403,1
2014-11-14,417.1528,-1
2014-11-15,398.4273,-1
2014-11-16,375.1288,-1
2014-11-17,388.5542,1
2014-11-18,385.8593,-1
2014-11-19,372.377,-1
2014-11-20,377.2368,1
2014-11-21,356.1388,-1
2014-11-22,348.8617,-1
2014-11-23,352.0417,1
2014-11-24,366.7687,1
2014-11-25,375.2355,1
2014-11-26,375.7174,1
2014-11-27,368.5104,-1
2014-11-28,369.1426,1
2014-11-29,375.8489,1
2014-11-30,375.2228,-1
2014-12-01,377.0901,1
2014-12-02,378.6444,1
2014-12-03,381.5364,1
2014-12-04,374.9728,-1
2014-12-05,369.155,-1
2014-12-06,376.0361,1
2014-12-07,374.0196,-1
2014-12-08,374.2558,1
2014-12-09,360.9419,-1
2014-12-10,351.2694,-1
2014-12-11,344.6171,-1
2014-12-12,347.1331,1
2014-12-13,350.9412,1
2014-12-14,347.4713,-1
2014-12-15,351.1439,1
2014-12-16,345.0961,-1
2014-12-17,326.0815,-1
2014-12-18,319.1713,-1
2014-12-19,310.7458,-1
2014-12-20,317.006,1
2014-12-21,329.5742,1
2014-12-22,319.2411,-1
2014-12-23,330.6709,1
2014-12-24,334.0467,1
2014-12-25,321.8843,-1
2014-12-26,318.6118,-1
2014-12-27,327.1582,1
2014-12-28,315.167,-1
2014-12-29,316.7959,1
2014-12-30,312.4412,-1
2014-12-31,309.8708,-1
2015-01-01,319.6958,1
2015-01-02,313.9247,-1
2015-01-03,314.5916,1
2015-01-04,279.8507,-1
2015-01-05,263.6343,-1
2015-01-06,272.9486,1
2015-01-07,285.5759,1
2015-01-08,294.8778,1
2015-01-09,283.2513,-1
2015-01-10,288.8441,1
2015-01-11,274.0668,-1
2015-01-12,265.3692,-1
2015-01-13,267.0873,1
2015-01-14,226.9823,-1
2015-01-15,177.2795,-1
2015-01-16,210.4636,1
2015-01-17,207.2243,-1
2015-01-18,199.625,-1
2015-01-19,209.932,1
2015-01-20,213.9783,1
2015-01-21,210.4817,-1
2015-01-22,225.9816,1
2015-01-23,232.6616,1
2015-01-24,232.9673,1
2015-01-25,247.9855,1
2015-01-26,254.5073,1
2015-01-27,271.9491,1
2015-01-28,262.0605,-1
2015-01-29,233.2087,-1
2015-01-30,232.4048,-1
2015-01-31,226.5033,-1
2015-02-01,216.9137,-1
2015-02-02,226.3959,1
2015-02-03,237.5409,1
2015-02-04,226.9566,-1
2015-02-05,226.7291,-1
2015-02-06,216.7714,-1
2015-02-07,222.4823,1
2015-02-08,227.3275,1
2015-02-09,222.8677,-1
2015-02-10,220.1743,-1
2015-02-11,220.0829,-1
2015-02-12,219.4922,-1
2015-02-13,221.8513,1
2015-02-14,235.7869,1
2015-02-15,257.4741,1
2015-02-16,234.3292,-1
2015-02-17,233.5618,-1
2015-02-18,243.5983,1
2015-02-19,236.2137,-1
2015-02-20,239.835,1
2015-02-21,243.7756,1
2015-02-22,244.2557,1
2015-02-23,235.5299,-1
2015-02-24,238.0845,1
2015-02-25,238.7601,1
2015-02-26,237.2513,-1
2015-02-27,236.0951,-1
2015-02-28,252.5111,1
2015-03-01,253.5283,1
2015-03-02,258.7425,1
2015-03-03,271.3525,1
2015-03-04,281.4497,1
2015-03-05,271.9222,-1
2015-03-06,274.865,1
2015-03-07,272.2111,-1
2015-03-08,275.8898,1
2015-03-09,274.4754,-1
2015-03-10,288.5161,1
2015-03-11,290.512,1
2015-03-12,295.8301,1
2015-03-13,293.8671,-1
2015-03-14,284.2838,-1
2015-03-15,281.3615,-1
2015-03-16,285.3415,1
2015-03-17,290.3763,1
2015-03-18,284.4553,-1
2015-03-19,255.3662,-1
2015-03-20,259.7404,1
2015-03-21,260.838,1
2015-03-22,259.6162,-1
2015-03-23,267.7968,1
2015-03-24,265.9432,-1
2015-03-25,245.4422,-1
2015-03-26,246.1339,1
2015-03-27,247.648,1
2015-03-28,246.5814,-1
2015-03-29,252.252,1
2015-03-30,242.0165,-1
2015-03-31,246.852,1
2015-04-01,243.3894,-1
2015-04-02,246.5548,1
2015-04-03,252.2566,1
2015-04-04,253.5439,1
2015-04-05,253.1206,-1
2015-04-06,259.9451,1
2015-04-07,254.5187,-1
2015-04-08,252.7965,-1
2015-04-09,244.3604,-1
2015-04-10,243.2604,-1
2015-04-11,235.2201,-1
2015-04-12,236.117,1
2015-04-13,235.6352,-1
2015-04-14,223.4056,-1
2015-04-15,218.2741,-1
2015-04-16,223.5659,1
2015-04-17,228.107,1
2015-04-18,222.2325,-1
2015-04-19,222.843,1
2015-04-20,221.6913,-1
2015-04-21,224.3076,1
2015-04-22,235.815,1
2015-04-23,233.923,-1
2015-04-24,235.5616,1
2015-04-25,230.786,-1
2015-04-26,225.8529,-1
2015-04-27,218.815,-1
2015-04-28,228.4994,1
2015-04-29,225.6763,-1
2015-04-30,225.9764,1
2015-05-01,236.5704,1
2015-05-02,232.1241,-1
2015-05-03,234.9045,1
2015-05-04,240.1203,1
2015-05-05,238.7688,-1
2015-05-06,236.5532,-1
2015-05-07,230.0478,-1
2015-05-08,237.7829,1
2015-05-09,243.3946,1
2015-05-10,240.4825,-1
2015-05-11,239.6312,-1
2015-05-12,241.8539,1
2015-05-13,240.99,-1
2015-05-14,235.7981,-1
2015-05-15,236.739,1
2015-05-16,237.3101,1
2015-05-17,235.7265,-1
2015-05-18,236.0996,1
2015-05-19,232.8655,-1
2015-05-20,231.9434,-1
2015-05-21,234.2455,1
2015-05-22,235.3048,1
2015-05-23,240.519,1
2015-05-24,239.0331,-1
2015-05-25,241.1864,1
2015-05-26,237.4879,-1
2015-05-27,237.3271,-1
2015-05-28,237.1847,-1
2015-05-29,237.4716,1
2015-05-30,237.1049,-1
2015-05-31,233.2939,-1
2015-06-01,229.9992,-1
2015-06-02,223.3086,-1
2015-06-03,225.7461,1
2015-06-04,225.6452,-1
2015-06-05,224.371,-1
2015-06-06,225.0357,1
2015-06-07,225.6791,1
2015-06-08,223.3896,-1
2015-06-09,228.6452,1
2015-06-10,229.3327,1
2015-06-11,228.9521,-1
2015-06-12,230.0189,1
2015-06-13,230.2041,1
2015-06-14,232.7533,1
2015-06-15,233.8536,1
2015-06-16,237.3096,1
2015-06-17,250.8977,1
2015-06-18,249.1681,-1
2015-06-19,248.8732,-1
2015-06-20,243.547,-1
2015-06-21,245.2612,1
2015-06-22,244.01,-1
2015-06-23,246.77,1
2015-06-24,243.9862,-1
2015-06-25,240.2155,-1
2015-06-26,242.422,1
2015-06-27,242.6424,1
2015-06-28,250.7066,1
2015-06-29,248.0673,-1
2015-06-30,256.4875,1
2015-07-01,262.4843,1
2015-07-02,257.6604,-1
2015-07-03,254.3505,-1
2015-07-04,255.5961,1
2015-07-05,260.3488,1
2015-07-06,271.0153,1
2015-07-07,268.4935,-1
2015-07-08,264.9566,-1
2015-07-09,269.6459,1
2015-07-10,268.1134,-1
2015-07-11,283.881,1
2015-07-12,291.6873,1
2015-07-13,309.9778,1
2015-07-14,290.8811,-1
2015-07-15,286.1856,-1
2015-07-16,283.8231,-1
2015-07-17,277.8273,-1
2015-07-18,278.4883,1
2015-07-19,274.4938,-1
2015-07-20,272.4889,-1
2015-07-21,278.4139,1
2015-07-22,275.0995,-1
2015-07-23,276.6174,1
2015-07-24,275.6266,-1
2015-07-25,287.9738,1
2015-07-26,288.1343,1
2015-07-27,291.6372,1
2015-07-28,292.7306,1
2015-07-29,293.7851,1
2015-07-30,288.7681,-1
2015-07-31,287.2898,-1
2015-08-01,283.9417,-1
2015-08-02,280.0371,-1
2015-08-03,281.65,1
2015-08-04,280.4796,-1
2015-08-05,284.5033,1
2015-08-06,281.3783,-1
2015-08-07,278.2516,-1
2015-08-08,279.0303,1
2015-08-09,260.2,-1
2015-08-10,264.4388,1
2015-08-11,263.7615,-1
2015-08-12,270.9167,1
2015-08-13,265.6418,-1
2015-08-14,263.3371,-1
2015-08-15,264.8686,1
2015-08-16,260.7343,-1
2015-08-17,257.6735,-1
2015-08-18,256.984,-1
2015-08-19,219.0045,-1
2015-08-20,225.3944,1
2015-08-21,234.6873,1
2015-08-22,231.9406,-1
2015-08-23,229.7444,-1
2015-08-24,227.589,-1
2015-08-25,209.1322,-1
2015-08-26,221.7118,1
2015-08-27,225.3798,1
2015-08-28,224.261,-1
2015-08-29,230.9825,1
2015-08-30,229.7562,-1
2015-08-31,228.6088,-1
2015-09-01,230.0173,1
2015-09-02,227.3469,-1
2015-09-03,228.8551,1
2015-09-04,226.765,-1
2015-09-05,230.0851,1
2015-09-06,234.6771,1
2015-09-07,239.4383,1
2015-09-08,240.0202,1
2015-09-09,243.5473,1
2015-09-10,238.2916,-1
2015-09-11,238.5896,1
2015-09-12,240.0838,1
2015-09-13,234.8185,-1
2015-09-14,230.328,-1
2015-09-15,230.2406,-1
2015-09-16,229.9241,-1
2015-09-17,228.7976,-1
2015-09-18,232.7924,1
2015-09-19,232.7167,-1
2015-09-20,231.2382,-1
2015-09-21,230.8605,-1
2015-09-22,226.6056,-1
2015-09-23,230.5237,1
2015-09-24,229.9556,-1
2015-09-25,234.2833,1
2015-09-26,234.8379,1
2015-09-27,234.2083,-1
2015-09-28,232.8486,-1
2015-09-29,239.3428,1
2015-09-30,236.6214,-1
2015-10-01,236.2455,-1
2015-10-02,237.5698,1
2015-10-03,237.4021,-1
2015-10-04,239.0891,1
2015-10-05,238.6874,-1
2015-10-06,240.5872,1
2015-10-07,246.4218,1
2015-10-08,243.2664,-1
2015-10-09,242.6905,-1
2015-10-10,244.3213,1
2015-10-11,245.3313,1
2015-10-12,247.5253,1
2015-10-13,245.5856,-1
2015-10-14,249.9352,1
2015-10-15,252.5949,1
2015-10-16,254.8133,1
2015-10-17,262.9353,1
2015-10-18,271.2039,1
2015-10-19,262.9003,-1
2015-10-20,264.4158,1
2015-10-21,270.2188,1
2015-10-22,267.3272,-1
2015-10-23,274.4108,1
2015-10-24,277.4554,1
2015-10-25,282.6605,1
2015-10-26,283.0717,1
2015-10-27,286.1325,1
2015-10-28,294.3998,1
2015-10-29,303.8866,1
2015-10-30,313.5861,1
2015-10-31,326.0045,1
2015-11-01,312.4321,-1
2015-11-02,325.082,1
2015-11-03,359.3523,1
2015-11-04,400.7063,1
2015-11-05,408.7414,1
2015-11-06,387.51,-1
2015-11-07,374.95,-1
2015-11-08,384.8,1
2015-11-09,373.487,-1
2015-11-10,380.043,1
2015-11-11,337.932,-1
2015-11-12,312.578,-1
2015-11-13,336.856,1
2015-11-14,337.292,1
2015-11-15,333.553,-1
2015-11-16,319.9283,-1
2015-11-17,331.59,1
2015-11-18,335.77,1
2015-11-19,334.973,-1
2015-11-20,326.315,-1
2015-11-21,321.988,-1
2015-11-22,327.174,1
2015-11-23,324.344,-1
2015-11-24,323.257,-1
2015-11-25,320.161,-1
2015-11-26,328.983,1
2015-11-27,353.304,1
2015-11-28,358.185,1
2015-11-29,357.663,-1
2015-11-30,371.864,1
2015-12-01,376.907,1
2015-12-02,362.729,-1
2015-12-03,359.43,-1
2015-12-04,361.308,1
2015-12-05,363.4825,1
2015-12-06,388.861,1
2015-12-07,388.458,-1
2015-12-08,395.865,1
2015-12-09,418.136,1
2015-12-10,418.036,-1
2015-12-11,415.252,-1
2015-12-12,453.9,1
2015-12-13,435.897,-1
2015-12-14,433.537,-1
2015-12-15,443.839,1
2015-12-16,465.502,1
2015-12-17,455.375,-1
2015-12-18,455.987,1
2015-12-19,463.844,1
2015-12-20,462.226,-1
2015-12-21,442.496,-1
2015-12-22,437.761,-1
2015-12-23,435.5,-1
2015-12-24,442.839,1
2015-12-25,454.848,1
2015-12-26,455.312,1
2015-12-27,417.216,-1
2015-12-28,422.523,1
2015-12-29,421.265,-1
2015-12-30,432.618,1
2015-12-31,426.145,-1
2016-01-01,430.05,1
2016-01-02,434.463,1
2016-01-03,433.586,-1
2016-01-04,430.361,-1
2016-01-05,433.493,1
2016-01-06,432.253,-1
2016-01-07,429.464,-1
2016-01-08,458.28,1
2016-01-09,453.37,-1
2016-01-10,449.143,-1
2016-01-11,448.964,-1
2016-01-12,448.385,-1
2016-01-13,432.884,-1
2016-01-14,432.04,-1
2016-01-15,429.729,-1
2016-01-16,358.766,-1
2016-01-17,387.665,1
2016-01-18,380.208,-1
2016-01-19,385.844,1
2016-01-20,377.745,-1
2016-01-21,418.742,1
2016-01-22,409.945,-1
2016-01-23,381.761,-1
2016-01-24,386.191,1
2016-01-25,402.61,1
2016-01-26,390.663,-1
2016-01-27,391.43,1
2016-01-28,394.629,1
2016-01-29,379.384,-1
2016-01-30,378.2,-1
2016-01-31,376.937,-1
2016-02-01,367.135,-1
2016-02-02,371.248,1
2016-02-03,372.877,1
2016-02-04,368.933,-1
2016-02-05,388.612,1
2016-02-06,385.338,-1
2016-02-07,375.405,-1
2016-02-08,375.284,-1
2016-02-09,371.101,-1
2016-02-10,373.321,1
2016-02-11,379.96,1
2016-02-12,377.72,-1
2016-02-13,383.126,1
2016-02-14,392.182,1
2016-02-15,406.738,1
2016-02-16,399.485,-1
2016-02-17,407.361,1
2016-02-18,415.561,1
2016-02-19,421.637,1
2016-02-20,420.334,-1
2016-02-21,436.517,1
2016-02-22,438.985,1
2016-02-23,438.072,-1
2016-02-24,419.981,-1
2016-02-25,424.362,1
2016-02-26,423.517,-1
2016-02-27,432.064,1
2016-02-28,432.138,1
2016-02-29,432.64,1
2016-03-01,436.608,1
2016-03-02,433.637,-1
2016-03-03,421.598,-1
2016-03-04,419.466,-1
2016-03-05,407.982,-1
2016-03-06,397.833,-1
2016-03-07,404.55,1
2016-03-08,412.982,1
2016-03-09,411.758,-1
2016-03-10,412.618,1
2016-03-11,416.16,1
2016-03-12,419.887,1
2016-03-13,410.132,-1
2016-03-14,412.291,1
2016-03-15,415.091,1
2016-03-16,415.383,1
2016-03-17,416.253,1
2016-03-18,418.452,1
2016-03-19,408.036,-1
2016-03-20,408.52,1
2016-03-21,410.751,1
2016-03-22,411.423,1
2016-03-23,416.926,1
2016-03-24,417.386,1
2016-03-25,414.341,-1
2016-03-26,415.687,1
2016-03-27,416.73,1
2016-03-28,425.378,1
2016-03-29,422.756,-1
2016-03-30,415.553,-1
2016-03-31,412.69,-1
2016-04-01,415.161,1
2016-04-02,417.009,1
2016-04-03,419.686,1
2016-04-04,419.385,-1
2016-04-05,419.416,1
2016-04-06,422.653,1
2016-04-07,421.7,-1
2016-04-08,421.204,-1
2016-04-09,418.089,-1
2016-04-10,418.419,1
2016-04-11,421.111,1
2016-04-12,422.99,1
2016-04-13,425.99,1
2016-04-14,424.401,-1
2016-04-15,425.106,1
2016-04-16,429.98,1
2016-04-17,430.837,1
2016-04-18,427.862,-1
2016-04-19,429.054,1
2016-04-20,436.105,1
2016-04-21,442.156,1
2016-04-22,451.102,1
2016-04-23,447.636,-1
2016-04-24,452.584,1
2016-04-25,460.327,1
2016-04-26,462.51,1
2016-04-27,467.803,1
2016-04-28,445.012,-1
2016-04-29,449.856,1
2016-04-30,456.35,1
2016-05-01,449.333,-1
2016-05-02,453.042,1
2016-05-03,444.513,-1
2016-05-04,450.274,1
2016-05-05,446.962,-1
2016-05-06,448.527,1
2016-05-07,460.374,1
2016-05-08,459.465,-1
2016-05-09,459.437,-1
2016-05-10,461.491,1
2016-05-11,450.987,-1
2016-05-12,452.113,1
2016-05-13,454.818,1
2016-05-14,455.735,1
2016-05-15,455.753,1
2016-05-16,457.848,1
2016-05-17,453.41,-1
2016-05-18,452.746,-1
2016-05-19,453.378,1
2016-05-20,436.729,-1
2016-05-21,442.953,1
2016-05-22,443.135,1
2016-05-23,438.773,-1
2016-05-24,443.734,1
2016-05-25,445.13,1
2016-05-26,449.234,1
2016-05-27,453.819,1
2016-05-28,473.467,1
2016-05-29,525.433,1
2016-05-30,524.083,-1
2016-05-31,532.586,1
2016-06-01,531.797,-1
2016-06-02,536.424,1
2016-06-03,538.145,1
2016-06-04,570.471,1
2016-06-05,573.45,1
2016-06-06,574.106,1
2016-06-07,585.531,1
2016-06-08,577.856,-1
2016-06-09,583.105,1
2016-06-10,576.454,-1
2016-06-11,579.131,1
2016-06-12,611.777,1
2016-06-13,675.343,1
2016-06-14,705.619,1
2016-06-15,685.989,-1
2016-06-16,696.323,1
2016-06-17,768.242,1
2016-06-18,747.554,-1
2016-06-19,755.684,1
2016-06-20,764.045,1
2016-06-21,727.949,-1
2016-06-22,665.876,-1
2016-06-23,602.887,-1
2016-06-24,625.495,1
2016-06-25,665.162,1
2016-06-26,665.329,1
2016-06-27,630.246,-1
2016-06-28,658.399,1
2016-06-29,646.304,-1
2016-06-30,639.082,-1
2016-07-01,672.485,1
2016-07-02,676.523,1
2016-07-03,703.686,1
2016-07-04,659.688,-1
2016-07-05,681.63,1
2016-07-06,668.092,-1
2016-07-07,676.113,1
2016-07-08,639.761,-1
2016-07-09,664.743,1
2016-07-10,650.627,-1
2016-07-11,649.962,-1
2016-07-12,649.027,-1
2016-07-13,664.839,1
2016-07-14,653.934,-1
2016-07-15,659.636,1
2016-07-16,664.876,1
2016-07-17,663.541,-1
2016-07-18,679.051,1
2016-07-19,673.594,-1
2016-07-20,673.843,1
2016-07-21,666.18,-1
2016-07-22,665.099,-1
2016-07-23,650.822,-1
2016-07-24,654.862,1
2016-07-25,661.05,1
2016-07-26,655.135,-1
2016-07-27,651.077,-1
2016-07-28,655.442,1
2016-07-29,655.627,1
2016-07-30,656.669,1
2016-07-31,654.976,-1
2016-08-01,625.881,-1
2016-08-02,607.374,-1
2016-08-03,552.821,-1
2016-08-04,565.2638,1
2016-08-05,578.3213,1
2016-08-06,574.9563,-1
2016-08-07,588.4225,1
2016-08-08,592.78,1
2016-08-09,590.6225,-1
2016-08-10,584.7588,-1
2016-08-11,592.8925,1
2016-08-12,586.525,-1
2016-08-13,586.0263,-1
2016-08-14,585.0813,-1
2016-08-15,571.4438,-1
2016-08-16,567.2025,-1
2016-08-17,576.2488,1
2016-08-18,571.745,-1
2016-08-19,572.5025,1
2016-08-20,573.6638,1
2016-08-21,580.7025,1
2016-08-22,580.69,-1
2016-08-23,584.7325,1
2016-08-24,581.2813,-1
2016-08-25,577.995,-1
2016-08-26,575.7338,-1
2016-08-27,578.1563,1
2016-08-28,568.6663,-1
2016-08-29,573.555,1
2016-08-30,572.3613,-1
2016-08-31,575.9988,1
2016-09-01,572.3338,-1
2016-09-02,571.6938,-1
2016-09-03,574.1475,1
2016-09-04,598.3838,1
2016-09-05,608.9175,1
2016-09-06,606.0275,-1
2016-09-07,611.07,1
2016-09-08,614.7875,1
2016-09-09,624.9488,1
2016-09-10,621.7963,-1
2016-09-11,622.2125,1
2016-09-12,605.8088,-1
2016-09-13,606.3075,1
2016-09-14,606.9213,1
2016-09-15,608.22,1
2016-09-16,605.21,-1
2016-09-17,606.3338,1
2016-09-18,605.2938,-1
2016-09-19,608.6988,1
2016-09-20,608.5275,-1
2016-09-21,599.4738,-1
2016-09-22,595.7988,-1
2016-09-23,595.035,-1
2016-09-24,601.7138,1
2016-09-25,601.3413,-1
2016-09-26,599.1763,-1
2016-09-27,606.8125,1
2016-09-28,604.7625,-1
2016-09-29,603.5188,-1
2016-09-30,605.0588,1
2016-10-01,608.4375,1
2016-10-02,613.9338,1
2016-10-03,610.2913,-1
2016-10-04,612.3375,1
2016-10-05,609.375,-1
2016-10-06,610.885,1
2016-10-07,610.9,1
2016-10-08,616.4888,1
2016-10-09,616.5963,1
2016-10-10,614.6238,-1
2016-10-11,617.4225,1
2016-10-12,639.3738,1
2016-10-13,635.0813,-1
2016-10-14,635.02,-1
2016-10-15,638.3675,1
2016-10-16,637.3713,-1
2016-10-17,639.8275,1
2016-10-18,636.92,-1
2016-10-19,635.5088,-1
2016-10-20,628.1538,-1
2016-10-21,628.6225,1
2016-10-22,630.1538,1
2016-10-23,652.715,1
2016-10-24,649.245,-1
2016-10-25,648.3988,-1
2016-10-26,652.895,1
2016-10-27,674.3575,1
2016-10-28,686.52,1
2016-10-29,688.0963,1
2016-10-30,712.87,1
2016-10-31,696.3538,-1
2016-11-01,697.3688,1
2016-11-02,729.2713,1
2016-11-03,742.465,1
2016-11-04,687.5075,-1
2016-11-05,702.5375,1
2016-11-06,704.1638,1
2016-11-07,712.2363,1
2016-11-08,704.0188,-1
2016-11-09,709.1525,1
2016-11-10,721.1913,1
2016-11-11,713.6675,-1
2016-11-12,716.5563,1
2016-11-13,703.5463,-1
2016-11-14,702.5038,-1
2016-11-15,706.395,1
2016-11-16,711.9563,1
2016-11-17,742.07,1
2016-11-18,735.4063,-1
2016-11-19,749.6775,1
2016-11-20,750.6325,1
2016-11-21,728.6075,-1
2016-11-22,736.7163,1
2016-11-23,748.225,1
2016-11-24,741.5963,-1
2016-11-25,736.3988,-1
2016-11-26,738.2775,1
2016-11-27,732.8238,-1
2016-11-28,728.425,-1
2016-11-29,731.7463,1
2016-11-30,731.765,1
2016-12-01,742.0075,1
2016-12-02,753.255,1
2016-12-03,771.4075,1
2016-12-04,764.9725,-1
2016-12-05,766.4638,1
2016-12-06,750.7088,-1
2016-12-07,758.81,1
2016-12-08,763.8975,1
2016-12-09,766.7513,1
2016-12-10,770.415,1
2016-12-11,773.2113,1
2016-12-12,768.6213,-1
2016-12-13,777.9113,1
2016-12-14,775.25,-1
2016-12-15,776.6363,1
2016-12-16,775.48,-1
2016-12-17,780.85,1
2016-12-18,788.5763,1
2016-12-19,788.5888,1
2016-12-20,790.1563,1
2016-12-21,798.785,1
2016-12-22,833.1025,1
2016-12-23,858.7363,1
2016-12-24,916.7875,1
2016-12-25,894.2025,-1
2016-12-26,894.4825,1
2016-12-27,902.5538,1
2016-12-28,931.1138,1
2016-12-29,978.0088,1
2016-12-30,969.625,-1
2016-12-31,960.4713,-1
2017-01-01,968.2275,1
2017-01-02,997.6888,1
2017-01-03,1018.05,1
2017-01-04,1030.8175,1
2017-01-05,1129.87,1
2017-01-06,1005.815,-1
2017-01-07,895.67,-1
2017-01-08,905.17,1
2017-01-09,913.5238,1
2017-01-10,899.35,-1
2017-01-11,904.7925,1
2017-01-12,775.9813,-1
2017-01-13,802.8288,1
2017-01-14,826.1213,1
2017-01-15,818.6388,-1
2017-01-16,822.4225,1
2017-01-17,830.2638,1
2017-01-18,904.4538,1
2017-01-19,884.2513,-1
2017-01-20,898.0213,1
2017-01-21,891.6238,-1
2017-01-22,920.0113,1
2017-01-23,925.3313,1
2017-01-24,912.6875,-1
2017-01-25,885.6475,-1
2017-01-26,894.11,1
2017-01-27,915.1,1
2017-01-28,918.5625,1
2017-01-29,920.28,1
2017-01-30,914.0438,-1
2017-01-31,920.2413,1
2017-02-01,967.6675,1
2017-02-02,987.3463,1
2017-02-03,1007.795,1
2017-02-04,1018.1113,1
2017-02-05,1033.6525,1
2017-02-06,1013.9938,-1
2017-02-07,1024.6125,1
2017-02-08,1052.5388,1
2017-02-09,1054.3438,1
2017-02-10,988.9475,-1
2017-02-11,993.0788,1
2017-02-12,1010.0025,1
2017-02-13,999.5125,-1
2017-02-14,996.8575,-1
2017-02-15,1009.2513,1
2017-02-16,1009.1163,-1
2017-02-17,1034.0825,1
2017-02-18,1053.1225,1
2017-02-19,1058.4063,1
2017-02-20,1052.8175,-1
2017-02-21,1083.2413,1
2017-02-22,1123.6563,1
2017-02-23,1122.195,-1
2017-02-24,1178.384,1
2017-02-25,1180.918,1
2017-02-26,1151.581,-1
2017-02-27,1179.968,1
2017-02-28,1194.278,1
2017-03-01,1190.888,-1
2017-03-02,1230.016,1
2017-03-03,1260.924,1
2017-03-04,1290.786,1
2017-03-05,1267.68,-1
2017-03-06,1277.685,1
2017-03-07,1280.868,1
2017-03-08,1232.431,-1
2017-03-09,1150.481,-1
2017-03-10,1191.815,1
2017-03-11,1117.025,-1
2017-03-12,1181.645,1
2017-03-13,1229.505,1
2017-03-14,1243.242,1
2017-03-15,1246.309,1
2017-03-16,1259.601,1
2017-03-17,1172.909,-1
2017-03-18,1070.128,-1
2017-03-19,970.598,-1
2017-03-20,1017.8,1
2017-03-21,1041.343,1
2017-03-22,1115.039,1
2017-03-23,1037.44,-1
2017-03-24,1029.95,-1
2017-03-25,935.946,-1
2017-03-26,964.692,1
2017-03-27,965.229,1
2017-03-28,1040.491,1
2017-03-29,1044.251,1
2017-03-30,1040.392,-1
2017-03-31,1037.527,-1
2017-04-01,1079.748,1
2017-04-02,1089.511,1
2017-04-03,1098.776,1
2017-04-04,1147.631,1
2017-04-05,1143.746,-1
2017-04-06,1134.998,-1
2017-04-07,1190.597,1
2017-04-08,1193.019,1
2017-04-09,1184.824,-1
2017-04-10,1210.055,1
2017-04-11,1213.339,1
2017-04-12,1224.767,1
2017-04-13,1216.505,-1
2017-04-14,1178.533,-1
2017-04-15,1183.44,1
2017-04-16,1180.699,-1
2017-04-17,1184.787,1
2017-04-18,1203.731,1
2017-04-19,1217.596,1
2017-04-20,1226.939,1
2017-04-21,1255.403,1
2017-04-22,1257.135,1
2017-04-23,1244.375,-1
2017-04-24,1248.2175,1
2017-04-25,1248.325,1
2017-04-26,1263.545,1
2017-04-27,1284.845,1
2017-04-28,1329.19,1
2017-04-29,1320.0513,-1
2017-04-30,1327.0388,1
2017-05-01,1347.9588,1
2017-05-02,1402.0838,1
2017-05-03,1443.6825,1
2017-05-04,1491.9988,1
2017-05-05,1515.6288,1
2017-05-06,1512.2088,-1
2017-05-07,1548.2863,1
2017-05-08,1555.4713,1
2017-05-09,1639.3225,1
2017-05-10,1706.9313,1
2017-05-11,1756.8025,1
2017-05-12,1807.3725,1
2017-05-13,1676.9938,-1
2017-05-14,1759.9613,1
2017-05-15,1772.4163,1
2017-05-16,1697.3788,-1
2017-05-17,1718.2013,1
2017-05-18,1802.1638,1
2017-05-19,1887.3263,1
2017-05-20,1968.1025,1
2017-05-21,2051.735,1
2017-05-22,2055.6175,1
2017-05-23,2139.0275,1
2017-05-24,2291.4775,1
2017-05-25,2476.2963,1
2017-05-26,2357.5038,-1
2017-05-27,2247.4825,-1
2017-05-28,2106.3075,-1
2017-05-29,2207.5775,1
2017-05-30,2289.87,1
2017-05-31,2197.2338,-1
2017-06-01,2330.2338,1
2017-06-02,2452.1813,1
2017-06-03,2517.4088,1
2017-06-04,2555.6538,1
2017-06-05,2552.8088,-1
2017-06-06,2736.595,1
2017-06-07,2914.0825,1
2017-06-08,2694.2188,-1
2017-06-09,2825.0313,1
2017-06-10,2826.7,1
2017-06-11,2942.345,1
2017-06-12,3018.545,1
2017-06-13,2682.595,-1
2017-06-14,2738.9313,1
2017-06-15,2494.485,-1
2017-06-16,2456.9238,-1
2017-06-17,2528.1025,1
2017-06-18,2663.9975,1
2017-06-19,2576.1713,-1
2017-06-20,2641.665,1
2017-06-21,2778.8275,1
2017-06-22,2712.1575,-1
2017-06-23,2740.79,1
2017-06-24,2738.225,-1
2017-06-25,2619.1188,-1
2017-06-26,2594.4538,-1
2017-06-27,2485.3588,-1
2017-06-28,2593.17,1
2017-06-29,2584.5638,-1
2017-06-30,2561.5613,-1
2017-07-01,2499.9838,-1
2017-07-02,2460.2,-1
2017-07-03,2529.7838,1
2017-07-04,2581.0663,1
2017-07-05,2625.0713,1
2017-07-06,2629.2725,1
2017-07-07,2619.1125,-1
2017-07-08,2521.2363,-1
2017-07-09,2579.9338,1
2017-07-10,2525.675,-1
2017-07-11,2371.96,-1
2017-07-12,2332.1875,-1
2017-07-13,2423.16,1
2017-07-14,2364.5163,-1
2017-07-15,2232.655,-1
2017-07-16,1993.2588,-1
2017-07-17,1938.9425,-1
2017-07-18,2244.265,1
2017-07-19,2327.8975,1
2017-07-20,2294.405,-1
2017-07-21,2877.3863,1
2017-07-22,2694.2913,-1
2017-07-23,2838.81,1
2017-07-24,2762.6263,-1
2017-07-25,2779.0438,1
2017-07-26,2591.2163,-1
2017-07-27,2550.18,-1
2017-07-28,2697.4725,1
2017-07-29,2805.1788,1
2017-07-30,2720.08,-1
2017-07-31,2746.3263,1
2017-08-01,2873.8325,1
2017-08-02,2735.5875,-1
2017-08-03,2723.58,-1
2017-08-04,2814.3613,1
2017-08-05,2883.6813,1
2017-08-06,3301.7588,1
2017-08-07,3255.0025,-1
2017-08-08,3431.9688,1
2017-08-09,3453.1625,1
2017-08-10,3377.5438,-1
2017-08-11,3445.28,1
2017-08-12,3679.6075,1
2017-08-13,3917.6488,1
2017-08-14,4111.1963,1
2017-08-15,4382.7413,1
2017-08-16,4204.43,-1
2017-08-17,4425.2963,1
2017-08-18,4316.34,-1
2017-08-19,4159.4575,-1
2017-08-20,4206.1313,1
2017-08-21,4111.22,-1
2017-08-22,4054.9425,-1
2017-08-23,4137.6725,1
2017-08-24,4191.2175,1
2017-08-25,4362.475,1
2017-08-26,4408.3238,1
2017-08-27,4387.4613,-1
2017-08-28,4394.515,1
2017-08-29,4439.6588,1
2017-08-30,4648.1338,1
2017-08-31,4630.7275,-1
2017-09-01,4764.8675,1
2017-09-02,4950.7238,1
2017-09-03,4643.975,-1
2017-09-04,4631.695,-1
2017-09-05,4319.7213,-1
2017-09-06,4422.1213,1
2017-09-07,4626.72,1
2017-09-08,4638.0975,1
2017-09-09,4317.5375,-1
2017-09-10,4291.88,-1
2017-09-11,4191.175,-1
2017-09-12,4188.845,-1
2017-09-13,4148.2675,-1
2017-09-14,3874.2588,-1
2017-09-15,3226.4125,-1
2017-09-16,3686.9,1
2017-09-17,3678.7375,-1
2017-09-18,3672.5663,-1
2017-09-19,4067.0775,1
2017-09-20,3896.9988,-1
2017-09-21,3858.0888,-1
2017-09-22,3612.6813,-1
2017-09-23,3603.3088,-1
2017-09-24,3777.2938,1
2017-09-25,3662.12,-1
2017-09-26,3927.4988,1
2017-09-27,3895.5125,-1
2017-09-28,4208.5613,1
2017-09-29,4185.2925,-1
2017-09-30,4164.1038,-1
2017-10-01,4353.0475,1
2017-10-02,4394.6388,1
2017-10-03,4404.0975,1
2017-10-04,4320.09,-1
2017-10-05,4225.9238,-1
2017-10-06,4322.755,1
2017-10-07,4370.245,1
2017-10-08,4437.0338,1
2017-10-09,4596.9625,1
2017-10-10,4772.975,1
2017-10-11,4754.6988,-1
2017-10-12,4830.7663,1
2017-10-13,5439.1338,1
2017-10-14,5640.1275,1
2017-10-15,5809.6938,1
2017-10-16,5697.3917,-1
2017-10-17,5754.2213,1
2017-10-18,5595.235,-1
2017-10-19,5572.1988,-1
2017-10-20,5699.5838,1
2017-10-21,5984.0863,1
2017-10-22,6013.2288,1
2017-10-23,5984.9563,-1
2017-10-24,5895.2988,-1
2017-10-25,5518.85,-1
2017-10-26,5733.9038,1
2017-10-27,5888.145,1
2017-10-28,5767.68,-1
2017-10-29,5732.825,-1
2017-10-30,6140.5313,1
2017-10-31,6121.8,-1
2017-11-01,6447.6675,1
2017-11-02,6750.1725,1
2017-11-03,7030.0025,1
2017-11-04,7161.4513,1
2017-11-05,7386.9988,1
2017-11-06,7382.4488,-1
2017-11-07,6958.2113,-1
2017-11-08,7118.8013,1
2017-11-09,7458.795,1
2017-11-10,7146.7813,-1
2017-11-11,6570.3125,-1
2017-11-12,6337.0,-1
2017-11-13,5857.3175,-1
2017-11-14,6517.6763,1
2017-11-15,6598.7688,1
2017-11-16,7279.0013,1
2017-11-17,7843.9375,1
2017-11-18,7689.9088,-1
2017-11-19,7776.94,1
2017-11-20,8033.9363,1
2017-11-21,8238.2025,1
2017-11-22,8095.5938,-1
2017-11-23,8230.6925,1
2017-11-24,8002.6413,-1
2017-11-25,8201.4613,1
2017-11-26,8763.785,1
2017-11-27,9326.5888,1
2017-11-28,9739.055,1
2017-11-29,9908.2288,1
2017-11-30,9816.3475,-1
2017-12-01,9916.5363,1
2017-12-02,10859.5625,1
2017-12-03,10895.0138,1
2017-12-04,11180.8875,1
2017-12-05,11616.855,1
2017-12-06,11696.0583,1
2017-12-07,13708.9913,1
2017-12-08,16858.02,1
2017-12-09,16057.145,-1
2017-12-10,14913.4038,-1
2017-12-11,15036.9563,1
2017-12-12,16699.6775,1
2017-12-13,17178.1025,1
2017-12-14,16407.2025,-1
2017-12-15,16531.0838,1
2017-12-16,17601.9438,1
2017-12-17,19343.04,1
2017-12-18,19086.6438,-1
2017-12-19,18960.5225,-1
2017-12-20,17608.35,-1
2017-12-21,16454.7225,-1
2017-12-22,15561.05,-1
2017-12-23,13857.145,-1
2017-12-24,14548.71,1
2017-12-25,13975.4363,-1
2017-12-26,13917.0275,-1
2017-12-27,15745.2575,1
2017-12-28,15378.285,-1
2017-12-29,14428.76,-1
2017-12-30,14427.87,-1
2017-12-31,12629.8138,-1
2018-01-01,13860.1363,1
2018-01-02,13412.44,-1
2018-01-03,14740.7563,1
2018-01-04,15134.6513,1
2018-01-05,15155.2263,1
2018-01-06,16937.1738,1
2018-01-07,17135.8363,1
2018-01-08,16178.495,-1
2018-01-09,14970.3575,-1
2018-01-10,14439.4738,-1
2018-01-11,14890.7225,1
2018-01-12,13287.26,-1
2018-01-13,13812.715,1
2018-01-14,14188.785,1
2018-01-15,13619.0288,-1
2018-01-16,13585.9013,-1
2018-01-17,11348.02,-1
2018-01-18,11141.2488,-1
2018-01-19,11250.6475,1
2018-01-20,11514.925,1
2018-01-21,12759.6413,1
2018-01-22,11522.8588,-1
2018-01-23,10772.15,-1
2018-01-24,10839.8263,1
2018-01-25,11399.52,1
2018-01-26,11137.2375,-1
2018-01-27,11090.0638,-1
2018-01-28,11407.1538,1
2018-01-29,11694.4675,1
2018-01-30,11158.3938,-1
2018-01-31,10034.9975,-1
2018-02-01,10166.5063,1
2018-02-02,9052.5763,-1
2018-02-03,8827.63,-1
2018-02-04,9224.3913,1
2018-02-05,8186.6488,-1
2018-02-06,6914.26,-1
2018-02-07,7700.3863,1
2018-02-08,7581.8038,-1
2018-02-09,8237.2363,1
2018-02-10,8689.8388,1
2018-02-11,8556.6125,-1
2018-02-12,8070.7963,-1
2018-02-13,8891.2125,1
2018-02-14,8516.2438,-1
2018-02-15,9477.84,1
2018-02-16,10016.4888,1
2018-02-17,10178.7125,1
2018-02-18,11092.1475,1
2018-02-19,10396.63,-1
2018-02-20,11159.7238,1
2018-02-21,11228.2413,1
2018-02-22,10456.1725,-1
2018-02-23,9830.4263,-1
2018-02-24,10149.4625,1
2018-02-25,9682.3825,-1
2018-02-26,9586.46,-1
2018-02-27,10313.0825,1
2018-02-28,10564.4188,1
2018-03-01,10309.6413,-1
2018-03-02,10907.59,1
2018-03-03,11019.5213,1
2018-03-04,11438.6513,1
2018-03-05,11479.7313,1
2018-03-06,11432.9825,-1
2018-03-07,10709.5275,-1
2018-03-08,9906.8,-1
2018-03-09,9299.2838,-1
2018-03-10,9237.05,-1
2018-03-11,8787.1638,-1
2018-03-12,9532.7413,1
2018-03-13,9118.2713,-1
2018-03-14,9144.1475,1
2018-03-15,8196.8975,-1
2018-03-16,8256.9938,1
2018-03-17,8269.3275,1
2018-03-18,7862.1088,-1
2018-03-19,8196.0225,1
2018-03-20,8594.1913,1
2018-03-21,8915.9038,1
2018-03-22,8895.4,-1
2018-03-23,8712.8913,-1
2018-03-24,8918.7438,1
2018-03-25,8535.8938,-1
2018-03-26,8449.835,-1
2018-03-27,8138.3363,-1
2018-03-28,7790.1575,-1
2018-03-29,7937.205,1
2018-03-30,7086.4875,-1
2018-03-31,6844.3213,-1
2018-04-01,6926.0175,1
2018-04-02,6816.74,-1
2018-04-03,7049.7938,1
2018-04-04,7417.8875,1
2018-04-05,6789.3013,-1
2018-04-06,6774.7513,-1
2018-04-07,6620.4088,-1
2018-04-08,6896.2813,1
2018-04-09,7022.7088,1
2018-04-10,6773.9388,-1
2018-04-11,6830.9038,1
2018-04-12,6939.55,1
2018-04-13,7916.3725,1
2018-04-14,7889.2313,-1
2018-04-15,8003.6813,1
2018-04-16,8357.0375,1
2018-04-17,8051.345,-1
2018-04-18,7890.15,-1
2018-04-19,8163.69,1
2018-04-20,8273.7413,1
2018-04-21,8863.5025,1
2018-04-22,8917.5963,1
2018-04-23,8792.83,-1
2018-04-24,8938.3038,1
2018-04-25,9652.1563,1
2018-04-26,8864.0875,-1
2018-04-27,9278.9975,1
2018-04-28,8978.3325,-1
2018-04-29,9342.4713,1
2018-04-30,9392.0313,1
2018-05-01,9244.3225,-1
2018-05-02,9067.715,-1
2018-05-03,9219.8638,1
2018-05-04,9734.675,1
2018-05-05,9692.7175,-1
2018-05-06,9826.5975,1
2018-05-07,9619.1438,-1
2018-05-08,9362.5338,-1
2018-05-09,9180.1588,-1
2018-05-10,9306.0,1
2018-05-11,9014.615,-1
2018-05-12,8406.175,-1
2018-05-13,8467.6563,1
2018-05-14,8688.0288,1
2018-05-15,8675.2063,-1
2018-05-16,8474.2388,-1
2018-05-17,8340.2988,-1
2018-05-18,8058.6038,-1
2018-05-19,8240.725,1
2018-05-20,8234.1525,-1
2018-05-21,8520.8125,1
2018-05-22,8395.2325,-1
2018-05-23,7983.5175,-1
2018-05-24,7502.5588,-1
2018-05-25,7578.6913,1
2018-05-26,7460.6938,-1
2018-05-27,7334.1638,-1
2018-05-28,7344.9675,1
2018-05-29,7105.6725,-1
2018-05-30,7460.5838,1
2018-05-31,7375.67,-1
2018-06-01,7487.1875,1
2018-06-02,7518.245,1
2018-06-03,7636.1938,1
2018-06-04,7711.365,1
2018-06-05,7490.59,-1
2018-06-06,7616.8913,1
2018-06-07,7655.9788,1
2018-06-08,7688.0038,1
2018-06-09,7616.1025,-1
2018-06-10,7497.3438,-1
2018-06-11,6765.8013,-1
2018-06-12,6877.1825,1
2018-06-13,6548.33,-1
2018-06-14,6299.5225,-1
2018-06-15,6637.7388,1
2018-06-16,6410.7225,-1
2018-06-17,6485.8688,1
2018-06-18,6443.6725,-1
2018-06-19,6709.48,1
2018-06-20,6737.4138,1
2018-06-21,6758.3788,1
2018-06-22,6717.2025,-1
2018-06-23,6053.8963,-1
2018-06-24,6170.56,1
2018-06-25,6150.1888,-1
2018-06-26,6247.4675,1
2018-06-27,6074.9175,-1
2018-06-28,6132.5625,1
2018-06-29,5848.2638,-1
2018-06-30,6203.9013,1
2018-07-01,6387.3063,1
2018-07-02,6347.8588,-1
2018-07-03,6613.27,1
2018-07-04,6504.9263,-1
2018-07-05,6584.7663,1
2018-07-06,6531.2,-1
2018-07-07,6600.9863,1
2018-07-08,6755.5613,1
2018-07-09,6704.1825,-1
2018-07-10,6664.2063,-1
2018-07-11,6302.49,-1
2018-07-12,6381.8725,1
2018-07-13,6245.6338,-1
2018-07-14,6217.6063,-1
2018-07-15,6247.2275,1
2018-07-16,6349.0375,1
2018-07-17,6726.405,1
2018-07-18,7314.9425,1
2018-07-19,7378.7575,1
2018-07-20,7470.825,1
2018-07-21,7330.5363,-1
2018-07-22,7404.2875,1
2018-07-23,7396.2863,-1
2018-07-24,7717.5,1
2018-07-25,8397.635,1
2018-07-26,8166.76,-1
2018-07-27,7929.61,-1
2018-07-28,8183.025,1
2018-07-29,8229.96,1
2018-07-30,8215.56,-1
2018-07-31,8167.9988,-1
2018-08-01,7726.8913,-1
2018-08-02,7603.7488,-1
2018-08-03,7535.02,-1
2018-08-04,7415.5613,-1
2018-08-05,7009.0888,-1
2018-08-06,7026.9913,1
2018-08-07,6937.0738,-1
2018-08-08,6717.2088,-1
2018-08-09,6280.58,-1
2018-08-10,6537.9025,1
2018-08-11,6143.305,-1
2018-08-12,6233.3813,1
2018-08-13,6312.8338,1
2018-08-14,6252.37,-1
2018-08-15,6192.3063,-1
2018-08-16,6270.0425,1
2018-08-17,6314.2413,1
2018-08-18,6583.2388,1
2018-08-19,6395.3525,-1
2018-08-20,6485.7463,1
2018-08-21,6256.6063,-1
2018-08-22,6477.3763,1
2018-08-23,6357.5875,-1
2018-08-24,6525.6088,1
2018-08-25,6692.6213,1
2018-08-26,6732.5025,1
2018-08-27,6707.6325,-1
2018-08-28,6907.6613,1
2018-08-29,7076.745,1
2018-08-30,7035.8125,-1
2018-08-31,6982.4,-1
2018-09-01,7013.9738,1
2018-09-02,7192.2988,1
2018-09-03,7295.13,1
2018-09-04,7261.4863,-1
2018-09-05,7358.4963,1
2018-09-06,6687.0125,-1
2018-09-07,6498.6188,-1
2018-09-08,6396.2688,-1
2018-09-09,6183.38,-1
2018-09-10,6238.54,1
2018-09-11,6305.5738,1
2018-09-12,6282.9213,-1
2018-09-13,6328.93,1
2018-09-14,6486.6213,1
2018-09-15,6492.375,1
2018-09-16,6515.8988,1
2018-09-17,6497.3663,-1
2018-09-18,6251.16,-1
2018-09-19,6334.1963,1
2018-09-20,6388.9788,1
2018-09-21,6491.64,1
2018-09-22,6753.18,1
2018-09-23,6712.1675,-1
2018-09-24,6701.2975,-1
2018-09-25,6581.51,-1
2018-09-26,6434.6488,-1
2018-09-27,6458.6525,1
2018-09-28,6684.1313,1
2018-09-29,6621.665,-1
2018-09-30,6583.7713,-1
2018-10-01,6606.085,1
2018-10-02,6578.7938,-1
2018-10-03,6506.6575,-1
2018-10-04,6470.7138,-1
2018-10-05,6555.875,1
2018-10-06,6589.4038,1
2018-10-07,6563.425,-1
2018-10-08,6582.4013,1
2018-10-09,6622.4013,1
2018-10-10,6606.8825,-1
2018-10-11,6550.7313,-1
2018-10-12,6177.2338,-1
2018-10-13,6211.6688,1
2018-10-14,6227.51,1
2018-10-15,6222.215,-1
2018-10-16,6513.3838,1
2018-10-17,6531.3625,1
2018-10-18,6514.6413,-1
2018-10-19,6450.785,-1
2018-10-20,6418.8525,-1
2018-10-21,6455.485,1
2018-10-22,6453.82,-1
2018-10-23,6448.0988,-1
2018-10-24,6434.2538,-1
2018-10-25,6450.31,1
2018-10-26,6427.3975,-1
2018-10-27,6436.9713,1
2018-10-28,6431.0888,-1
2018-10-29,6426.55,-1
2018-10-30,6285.2338,-1
2018-10-31,6283.5263,-1
2018-11-01,6320.4588,1
2018-11-02,6358.4,1
2018-11-03,6368.855,1
2018-11-04,6346.8063,-1
2018-11-05,6439.4788,1
2018-11-06,6420.865,-1
2018-11-07,6465.9875,1
2018-11-08,6520.1088,1
2018-11-09,6425.2638,-1
2018-11-10,6353.8763,-1
2018-11-11,6368.675,1
2018-11-12,6380.815,1
2018-11-13,6356.0238,-1
2018-11-14,6307.245,-1
2018-11-15,5681.9813,-1
2018-11-16,5620.8775,-1
2018-11-17,5548.2338,-1
2018-11-18,5536.0713,-1
2018-11-19,5582.7,1
2018-11-20,4785.1538,-1
2018-11-21,4413.8025,-1
2018-11-22,4574.3588,1
2018-11-23,4289.6888,-1
2018-11-24,4319.9938,1
2018-11-25,3815.9213,-1
2018-11-26,3976.5713,1
2018-11-27,3761.4213,-1
2018-11-28,3800.1963,1
2018-11-29,4241.575,1
2018-11-30,4263.875,1
2018-12-01,3992.155,-1
2018-12-02,4165.6063,1
2018-12-03,4116.6138,-1
2018-12-04,3855.6833,-1
2018-12-05,3929.6283,1
2018-12-06,3722.3917,-1
2018-12-07,3466.15,-1
2018-12-08,3404.4567,-1
2018-12-09,3433.3633,1
2018-12-10,3566.3417,1
2018-12-11,3447.345,-1
2018-12-12,3378.115,-1
2018-12-13,3465.3367,1
2018-12-14,3292.0883,-1
2018-12-15,3223.7633,-1
2018-12-16,3214.385,-1
2018-12-17,3229.1683,1
2018-12-18,3540.1967,1
2018-12-19,3703.805,1
2018-12-20,3724.9933,1
2018-12-21,4107.6867,1
2018-12-22,3886.305,-1
2018-12-23,4031.895,1
2018-12-24,3987.8817,-1
2018-12-25,4069.8067,1
2018-12-26,3823.0583,-1
2018-12-27,3809.19,-1
2018-12-28,3632.68,-1
2018-12-29,3937.05,1
2018-12-30,3779.7133,-1
2018-12-31,3880.9067,1
2019-01-01,3740.5,-1
2019-01-02,3869.47,1
2019-01-03,3941.2167,1
2019-01-04,3832.155,-1
2019-01-05,3863.6267,1
2019-01-06,3835.5983,-1
2019-01-07,4083.165,1
2019-01-08,4041.4583,-1
2019-01-09,4029.9917,-1
2019-01-10,4028.2917,-1
2019-01-11,3669.5825,-1
2019-01-12,3660.9583,-1
2019-01-13,3658.6725,-1
2019-01-14,3540.1583,-1
2019-01-15,3706.1725,1
2019-01-16,3604.1333,-1
2019-01-17,3630.2567,1
2019-01-18,3665.41,1
2019-01-19,3630.785,-1
2019-01-20,3708.9633,1
2019-01-21,3552.8933,-1
2019-01-22,3548.69,-1
2019-01-23,3598.2183,1
2019-01-24,3576.01,-1
2019-01-25,3598.2717,1
2019-01-26,3582.2,-1
2019-01-27,3580.775,-1
2019-01-28,3553.0133,-1
2019-01-29,3454.48,-1
2019-01-30,3421.12,-1
2019-01-31,3482.3,1
2019-02-01,3441.985,-1
2019-02-02,3468.2517,1
2019-02-03,3466.2175,-1
2019-02-04,3443.1667,-1
2019-02-05,3451.115,1
2019-02-06,3472.035,1
2019-02-07,3393.6717,-1
2019-02-08,3385.97,-1
2019-02-09,3657.4017,1
2019-02-10,3654.3,-1
2019-02-11,3681.0517,1
2019-02-12,3621.0283,-1
2019-02-13,3622.7133,1
2019-02-14,3605.3133,-1
2019-02-15,3592.91,-1
2019-02-16,3601.0583,1
2019-02-17,3611.975,1
2019-02-18,3661.7417,1
2019-02-19,3905.7433,1
2019-02-20,3922.0983,1
2019-02-21,3976.79,1
2019-02-22,3936.34,-1
2019-02-23,3979.995,1
2019-02-24,4145.4383,1
2019-02-25,3767.305,-1
2019-02-26,3852.16,1
2019-02-27,3830.6733,-1
2019-02-28,3832.26,1
2019-03-01,3826.0233,-1
2019-03-02,3850.0717,1
2019-03-03,3845.1133,-1
2019-03-04,3820.1467,-1
2019-03-05,3732.5733,-1
2019-03-06,3880.8,1
2019-03-07,3884.9983,1
2019-03-08,3891.7317,1
2019-03-09,3875.47,-1
2019-03-10,3950.61,1
2019-03-11,3932.0433,-1
2019-03-12,3882.615,-1
2019-03-13,3891.3467,1
2019-03-14,3882.8017,-1
2019-03-15,3885.9883,1
2019-03-16,3935.415,1
2019-03-17,4022.5383,1
2019-03-18,3999.6617,-1
2019-03-19,4004.8117,1
2019-03-20,4033.7183,1
2019-03-21,4064.0867,1
2019-03-22,3999.3233,-1
2019-03-23,4003.55,1
2019-03-24,4009.4683,1
2019-03-25,3994.0283,-1
2019-03-26,3929.3083,-1
2019-03-27,3945.325,1
2019-03-28,4051.9033,1
2019-03-29,4039.0017,-1
2019-03-30,4119.0183,1
2019-03-31,4117.8483,-1
2019-04-01,4117.51,-1
2019-04-02,4156.39,1
2019-04-03,4908.6883,1
2019-04-04,4977.0017,1
2019-04-05,4917.8467,-1
2019-04-06,5053.72,1
2019-04-07,5058.34,1
2019-04-08,5208.02,1
2019-04-09,5296.9317,1
2019-04-10,5196.985,-1
2019-04-11,5319.705,1
2019-04-12,5046.865,-1
2019-04-13,5088.7483,1
2019-04-14,5077.7183,-1
2019-04-15,5172.4517,1
2019-04-16,5033.095,-1
2019-04-17,5214.55,1
2019-04-18,5237.38,1
2019-04-19,5290.7433,1
2019-04-20,5297.5667,1
2019-04-21,5326.9383,1
2019-04-22,5305.9967,-1
2019-04-23,5396.5783,1
2019-04-24,5540.1117,1
2019-04-25,5454.4483,-1
2019-04-26,5160.64,-1
2019-04-27,5241.025,1
2019-04-28,5247.24,1
2019-04-29,5266.3467,1
2019-04-30,5259.6267,-1
2019-05-01,5378.6183,1
2019-05-02,5423.66,1
2019-05-03,5503.3017,1
2019-05-04,5775.8817,1
2019-05-05,5876.01,1
2019-05-06,5823.795,-1
2019-05-07,5799.6167,-1
2019-05-08,5861.5917,1
2019-05-09,6029.08,1
2019-05-10,6187.28,1
2019-05-11,6375.5617,1
2019-05-12,7184.64,1
2019-05-13,6979.1317,-1
2019-05-14,7801.2967,1
2019-05-15,7978.01,1
2019-05-16,8180.425,1
2019-05-17,7875.1633,-1
2019-05-18,7376.8533,-1
2019-05-19,7259.5067,-1
2019-05-20,8189.3767,1
2019-05-21,7995.965,-1
2019-05-22,7945.045,-1
2019-05-23,7623.5133,-1
2019-05-24,7875.9967,1
2019-05-25,7998.22,1
2019-05-26,8063.9483,1
2019-05-27,8738.18,1
2019-05-28,8783.0683,1
2019-05-29,8724.455,-1
2019-05-30,8670.265,-1
2019-05-31,8273.0117,-1
2019-06-01,8544.97,1
2019-06-02,8553.1267,1
2019-06-03,8737.3617,1
2019-06-04,8105.13,-1
2019-06-05,7677.3983,-1
2019-06-06,7785.985,1
2019-06-07,7806.715,1
2019-06-08,8001.2767,1
2019-06-09,7928.5417,-1
2019-06-10,7634.6483,-1
2019-06-11,8016.6917,1
2019-06-12,7913.8933,-1
2019-06-13,8173.3567,1
2019-06-14,8232.7533,1
2019-06-15,8693.765,1
2019-06-16,8857.0783,1
2019-06-17,8976.5367,1
2019-06-18,9340.25,1
2019-06-19,9083.8167,-1
2019-06-20,9288.5367,1
2019-06-21,9539.7883,1
2019-06-22,10232.9167,1
2019-06-23,10695.3683,1
2019-06-24,10860.8233,1
2019-06-25,11041.8533,1
2019-06-26,11752.6783,1
2019-06-27,12907.135,1
2019-06-28,11170.885,-1
2019-06-29,12356.2783,1
2019-06-30,11882.5083,-1
2019-07-01,10769.4217,-1
2019-07-02,10599.3267,-1
2019-07-03,10850.4,1
2019-07-04,11976.6317,1
2019-07-05,11151.9183,-1
2019-07-06,10996.4267,-1
2019-07-07,11252.4533,1
2019-07-08,11476.4083,1
2019-07-09,12294.6567,1
2019-07-10,12563.215,1
2019-07-11,12096.6533,-1
2019-07-12,11345.7717,-1
2019-07-13,11789.3367,1
2019-07-14,11350.6283,-1
2019-07-15,10194.21,-1
2019-07-16,10842.4517,1
2019-07-17,9422.4517,-1
2019-07-18,9692.7067,1
2019-07-19,10636.91,1
2019-07-20,10526.3917,-1
2019-07-21,10754.29,1
2019-07-22,10586.2433,-1
2019-07-23,10325.825,-1
2019-07-24,9849.82,-1
2019-07-25,9771.5667,-1
2019-07-26,9882.1,1
2019-07-27,9844.5583,-1
2019-07-28,9466.2717,-1
2019-07-29,9527.7717,1
2019-07-30,9501.0317,-1
2019-07-31,9588.6033,1
2019-08-01,10090.535,1
2019-08-02,10405.2067,1
2019-08-03,10526.2167,1
2019-08-04,10818.6983,1
2019-08-05,10979.3133,1
2019-08-06,11802.0167,1
2019-08-07,11467.1983,-1
2019-08-08,11981.1517,1
2019-08-09,12010.8983,1
2019-08-10,11868.7533,-1
2019-08-11,11289.49,-1
2019-08-12,11561.71,1
2019-08-13,11396.5433,-1
2019-08-14,10875.3483,-1
2019-08-15,10036.1867,-1
2019-08-16,10307.895,1
2019-08-17,10358.7683,1
2019-08-18,10220.6033,-1
2019-08-19,10321.7317,1
2019-08-20,10924.965,1
2019-08-21,10776.9083,-1
2019-08-22,10133.3483,-1
2019-08-23,10113.2,-1
2019-08-24,10406.7433,1
2019-08-25,10147.7633,-1
2019-08-26,10138.6683,-1
2019-08-27,10365.1783,1
2019-08-28,10177.9267,-1
2019-08-29,9723.805,-1
2019-08-30,9500.6367,-1
2019-08-31,9588.0717,1
2019-09-01,9608.6467,1
2019-09-02,9773.3417,1
2019-09-03,10386.915,1
2019-09-04,10634.6433,1
2019-09-05,10583.6617,-1
2019-09-06,10580.27,-1
2019-09-07,10308.0367,-1
2019-09-08,10488.41,1
2019-09-09,10404.6433,-1
2019-09-10,10314.9717,-1
2019-09-11,10107.7217,-1
2019-09-12,10164.0867,1
2019-09-13,10433.5567,1
2019-09-14,10372.5533,-1
2019-09-15,10365.4467,-1
2019-09-16,10312.6683,-1
2019-09-17,10271.015,-1
2019-09-18,10199.905,-1
2019-09-19,10165.3267,-1
2019-09-20,10282.6567,1
2019-09-21,10179.955,-1
2019-09-22,9989.755,-1
2019-09-23,10036.7067,1
2019-09-24,9694.5067,-1
2019-09-25,8538.105,-1
2019-09-26,8449.9167,-1
2019-09-27,8075.9667,-1
2019-09-28,8200.2833,1
2019-09-29,8221.3783,1
2019-09-30,8067.2683,-1
2019-10-01,8316.8767,1
2019-10-02,8326.58,1
2019-10-03,8395.2183,1
2019-10-04,8246.5417,-1
2019-10-05,8161.3483,-1
2019-10-06,8153.9767,-1
2019-10-07,7868.34,-1
2019-10-08,8217.6333,1
2019-10-09,8191.0717,-1
2019-10-10,8596.4533,1
2019-10-11,8590.3733,-1
2019-10-12,8272.395,-1
2019-10-13,8311.8117,1
2019-10-14,8290.9717,-1
2019-10-15,8362.0733,1
2019-10-16,8171.27,-1
2019-10-17,8002.8483,-1
2019-10-18,8081.3133,1
2019-10-19,7966.2667,-1
2019-10-20,7974.0883,1
2019-10-21,8242.8633,1
2019-10-22,8221.3733,-1
2019-10-23,8034.545,-1
2019-10-24,7478.905,-1
2019-10-25,7435.8467,-1
2019-10-26,8671.5083,1
2019-10-27,9261.9983,1
2019-10-28,9555.305,1
2019-10-29,9223.2067,-1
2019-10-30,9437.585,1
2019-10-31,9170.285,-1
2019-11-01,9164.365,-1
2019-11-02,9265.4317,1
2019-11-03,9312.36,1
2019-11-04,9211.6,-1
2019-11-05,9424.185,1
2019-11-06,9326.6033,-1
2019-11-07,9345.69,1
2019-11-08,9205.8083,-1
2019-11-09,8770.3617,-1
2019-11-10,8813.3567,1
2019-11-11,9044.7817,1
2019-11-12,8726.36,-1
2019-11-13,8820.2333,1
2019-11-14,8775.1017,-1
2019-11-15,8639.1833,-1
2019-11-16,8471.2783,-1
2019-11-17,8496.6,1
2019-11-18,8516.08,1
2019-11-19,8191.0667,-1
2019-11-20,8136.2767,-1
2019-11-21,8098.3183,-1
2019-11-22,7633.95,-1
2019-11-23,7292.74,-1
2019-11-24,7335.3217,1
2019-11-25,6924.8483,-1
2019-11-26,7136.7617,1
2019-11-27,7175.5267,1
2019-11-28,7531.8283,1
2019-11-29,7442.2967,-1
2019-11-30,7770.54,1
2019-12-01,7571.4083,-1
2019-12-02,7420.8417,-1
2019-12-03,7320.8167,-1
2019-12-04,7312.8833,-1
2019-12-05,7211.35,-1
2019-12-06,7404.4033,1
2019-12-07,7556.8817,1
2019-12-08,7517.2,-1
2019-12-09,7539.52,1
2019-12-10,7351.3367,-1
2019-12-11,7232.8433,-1
2019-12-12,7213.4767,-1
2019-12-13,7199.51,-1
2019-12-14,7263.045,1
2019-12-15,7077.1517,-1
2019-12-16,7125.8167,1
2019-12-17,6893.2367,-1
2019-12-18,6633.3717,-1
2019-12-19,7299.7367,1
2019-12-20,7161.965,-1
2019-12-21,7198.785,1
2019-12-22,7150.9133,-1
2019-12-23,7520.0433,1
2019-12-24,7324.495,-1
2019-12-25,7261.025,-1
2019-12-26,7204.0217,-1
2019-12-27,7205.8033,1
2019-12-28,7259.67,1
2019-12-29,7313.6933,1
2019-12-30,7397.535,1
2019-12-31,7234.615,-1
2020-01-01,7182.4017,-1
2020-01-02,7188.4633,1
2020-01-03,6961.5683,-1
2020-01-04,7346.58,1
2020-01-05,7355.855,1
2020-01-06,7356.3117,1
2020-01-07,7761.825,1
2020-01-08,8157.7617,1
2020-01-09,8042.8733,-1
2020-01-10,7816.9233,-1
2020-01-11,8189.265,1
2020-01-12,8016.4267,-1
2020-01-13,8178.8833,1
2020-01-14,8105.4783,-1
2020-01-15,8807.4267,1
2020-01-16,8808.4867,1
2020-01-17,8716.9133,-1
2020-01-18,8890.25,1
2020-01-19,8901.17,1
2020-01-20,8698.5717,-1
2020-01-21,8631.2883,-1
2020-01-22,8727.6033,1
2020-01-23,8661.01,-1
2020-01-24,8392.145,-1
2020-01-25,8436.49,1
2020-01-26,8337.1017,-1
2020-01-27,8602.7417,1
2020-01-28,8901.5067,1
2020-01-29,9393.2733,1
2020-01-30,9290.46,-1
2020-01-31,9508.725,1
2020-02-01,9346.1333,-1
2020-02-02,9388.6617,1
2020-02-03,9333.08,-1
2020-02-04,9291.6433,-1
2020-02-05,9175.3367,-1
2020-02-06,9613.4033,1
2020-02-07,9750.5467,1
2020-02-08,9808.5967,1
2020-02-09,9897.6583,1
2020-02-10,10161.2833,1
2020-02-11,9852.7183,-1
2020-02-12,10266.1,1
2020-02-13,10347.9517,1
2020-02-14,10230.0783,-1
2020-02-15,10356.7567,1
2020-02-16,9903.0217,-1
2020-02-17,9926.2,1
2020-02-18,9706.08,-1
2020-02-19,10185.8767,1
2020-02-20,9593.48,-1
2020-02-21,9607.31,1
2020-02-22,9695.5583,1
2020-02-23,9667.8433,-1
2020-02-24,9973.2733,1
2020-02-25,9664.6333,-1
2020-02-26,9313.92,-1
2020-02-27,8790.12,-1
2020-02-28,8816.585,1
2020-02-29,8715.6617,-1
2020-03-01,8538.3983,-1
2020-03-02,8540.2567,1
2020-03-03,8926.2517,1
2020-03-04,8768.18,-1
2020-03-05,8767.8867,-1
2020-03-06,9073.275,1
2020-03-07,9165.1517,1
2020-03-08,8905.9517,-1
2020-03-09,8050.1883,-1
2020-03-10,7944.45,-1
2020-03-11,7899.2267,-1
2020-03-12,7951.17,1
2020-03-13,4914.085,-1
2020-03-14,5629.5767,1
2020-03-15,5182.3217,-1
2020-03-16,5360.06,1
2020-03-17,5043.6783,-1
2020-03-18,5337.0933,1
2020-03-19,5411.6217,1
2020-03-20,6180.27,1
2020-03-21,6206.6117,1
2020-03-22,6197.6183,-1
2020-03-23,5803.67,-1
2020-03-24,6492.94,1
2020-03-25,6766.7817,1
2020-03-26,6687.705,-1
2020-03-27,6709.95,1
2020-03-28,6698.73,-1
2020-03-29,6226.545,-1
2020-03-30,5882.0067,-1
2020-03-31,6568.805,1
2020-04-01,6449.95,-1
2020-04-02,6671.95,1
2020-04-03,6833.05,1
2020-04-04,6740.075,-1
2020-04-05,6872.915,1
2020-04-06,6778.61,-1
2020-04-07,7297.75,1
2020-04-08,7360.37,1
2020-04-09,7341.15,-1
2020-04-10,7314.95,-1
2020-04-11,6909.95,-1
2020-04-12,6814.05,-1
2020-04-13,7143.45,1
2020-04-14,6763.065,-1
2020-04-15,6885.1,1
2020-04-16,6727.15,-1
2020-04-17,7055.8225,1
2020-04-18,7086.85,1
2020-04-19,7226.61,1
2020-04-20,7170.65,-1
2020-04-21,6896.31,-1
2020-04-22,6856.8,-1
2020-04-23,7137.85,1
2020-04-24,7556.95,1
2020-04-25,7502.9,-1
2020-04-26,7598.605,1
2020-04-27,7602.64,1
2020-04-28,7674.375,1
2020-04-29,7724.15,1
2020-04-30,8273.45,1
2020-05-01,8740.75,1
2020-05-02,8771.5725,1
2020-05-03,8891.445,1
2020-05-04,8819.01,-1
2020-05-05,8801.36,-1
2020-05-06,8900.3,1
2020-05-07,9248.9475,1
2020-05-08,9375.95,1
2020-05-09,9986.6675,1
2020-05-10,9740.815,-1
2020-05-11,8465.45,-1
2020-05-12,8857.0625,1
2020-05-13,8729.95,-1
2020-05-14,9099.2,1
2020-05-15,9582.5825,1
2020-05-16,9523.595,-1
2020-05-17,9465.05,-1
2020-05-18,9775.125,1
2020-05-19,9636.55,-1
2020-05-20,9789.75,1
2020-05-21,9772.205,-1
2020-05-22,9335.15,-1
2020-05-23,9177.8,-1
2020-05-24,9186.8317,1
2020-05-25,9203.13,1
2020-05-26,8776.34,-1
2020-05-27,8871.05,1
2020-05-28,8923.05,1
2020-05-29,9207.95,1
2020-05-30,9448.365,1
2020-05-31,9550.815,1
2020-06-01,9545.15,-1
2020-06-02,9564.95,1
2020-06-03,10136.5,1
2020-06-04,9594.45,-1
2020-06-05,9529.55,-1
2020-06-06,9836.805,1
2020-06-07,9679.75,-1
2020-06-08,9621.55,-1
2020-06-09,9730.365,1
2020-06-10,9668.96,-1
2020-06-11,9731.05,1
2020-06-12,9797.5,1
2020-06-13,9475.95,-1
2020-06-14,9432.3875,-1
2020-06-15,9421.895,-1
2020-06-16,9137.25,-1
2020-06-17,9490.7375,1
2020-06-18,9474.64,-1
2020-06-19,9447.25,-1
2020-06-20,9276.15,-1
2020-06-21,9312.005,1
2020-06-22,9339.125,1
2020-06-23,9474.9,1
2020-06-24,9591.715,1
2020-06-25,9510.3,-1
2020-06-26,9274.1267,-1
2020-06-27,9127.55,-1
2020-06-28,9164.315,1
2020-06-29,8991.5,-1
2020-06-30,9096.15,1
2020-07-01,9144.385,1
2020-07-02,9153.95,1
2020-07-03,9199.875,1
2020-07-04,9094.955,-1
2020-07-05,9083.395,-1
2020-07-06,9075.3125,-1
2020-07-07,9203.25,1
2020-07-08,9265.375,1
2020-07-09,9279.5833,1
2020-07-10,9403.85,1
2020-07-11,9144.715,-1
2020-07-12,9278.05,1
2020-07-13,9279.05,1
2020-07-14,9294.6625,1
2020-07-15,9202.4067,-1
2020-07-16,9214.1275,1
2020-07-17,9116.325,-1
2020-07-18,9122.22,1
2020-07-19,9140.2575,1
2020-07-20,9156.11,1
2020-07-21,9185.375,1
2020-07-22,9206.5125,1
2020-07-23,9357.195,1
2020-07-24,9511.615,1
2020-07-25,9544.48,1
2020-07-26,9601.75,1
2020-07-27,9712.08,1
2020-07-28,10300.5,1
2020-07-29,10985.3117,1
2020-07-30,10982.5,-1
2020-07-31,11053.5,1
2020-08-01,11025.5,-1
2020-08-02,11354.1567,1
2020-08-03,11301.28,-1
2020-08-04,11164.445,-1
2020-08-05,11275.995,1
2020-08-06,11219.5,-1
2020-08-07,11796.8174,1
2020-08-08,11827.265,1
2020-08-09,11568.5,-1
2020-08-10,11666.45,1
2020-08-11,12010.28,1
2020-08-12,11832.5,-1
2020-08-13,11342.01,-1
2020-08-14,11565.095,1
2020-08-15,11759.5,1
2020-08-16,11895.627,1
2020-08-17,11908.33,1
2020-08-18,11856.5,-1
2020-08-19,12327.5,1
2020-08-20,11918.5,-1
2020-08-21,11833.8974,-1
2020-08-22,11583.1389,-1
2020-08-23,11674.6244,1
2020-08-24,11611.5,-1
2020-08-25,11744.0127,1
2020-08-26,11378.726,-1
2020-08-27,11458.8226,1
2020-08-28,11302.121,-1
2020-08-29,11482.2257,1
2020-08-30,11515.0444,1
2020-08-31,11657.0039,1
2020-09-01,11678.3733,1
2020-09-02,11964.2087,1
2020-09-03,11795.7,-1
2020-09-04,11302.8875,-1
2020-09-05,10292.5983,-1
2020-09-06,10439.5,1
2020-09-07,10110.44,-1
2020-09-08,10164.13,1
2020-09-09,10316.5833,1
2020-09-10,10032.5,-1
2020-09-11,10341.016,1
2020-09-12,10380.5396,1
2020-09-13,10436.3654,1
2020-09-14,10313.0686,-1
2020-09-15,10680.2976,1
2020-09-16,10829.5053,1
2020-09-17,11033.3835,1
2020-09-18,10937.1113,-1
2020-09-19,10933.9312,-1
2020-09-20,11048.8793,1
2020-09-21,10852.9101,-1
2020-09-22,10526.2029,-1
2020-09-23,10531.1646,1
2020-09-24,10260.033,-1
2020-09-25,10672.9568,1
2020-09-26,10729.0696,1
2020-09-27,10741.4765,1
2020-09-28,10752.3455,1
2020-09-29,10863.0657,1
2020-09-30,10764.2844,-1
2020-10-01,10741.5796,-1
2020-10-02,10626.601,-1
2020-10-03,10567.3302,-1
2020-10-04,10555.0287,-1
2020-10-05,10660.6112,1
2020-10-06,10756.4046,1
2020-10-07,10589.6264,-1
2020-10-08,10645.7548,1
2020-10-09,10897.5954,1
2020-10-10,11063.5317,1
2020-10-11,11304.4917,1
2020-10-12,11377.1683,1
2020-10-13,11545.1583,1
2020-10-14,11432.475,-1
2020-10-15,11430.8717,-1
2020-10-16,11510.5367,1
2020-10-17,11325.5217,-1
2020-10-18,11369.9133,1
2020-10-19,11516.9667,1
2020-10-20,11758.5467,1
2020-10-21,11922.975,1
2020-10-22,12811.4867,1
2020-10-23,12987.9017,1
2020-10-24,12940.1067,-1
2020-10-25,13127.055,1
2020-10-26,13039.0133,-1
2020-10-27,13067.8283,1
2020-10-28,13638.76,1
2020-10-29,13276.4533,-1
2020-10-30,13459.7983,1
2020-10-31,13566.925,1
2020-11-01,13797.1033,1
2020-11-02,13762.97,-1
2020-11-03,13567.2233,-1
2020-11-04,14030.79,1
2020-11-05,14158.81,1
2020-11-06,15593.555,1
2020-11-07,15589.0033,-1
2020-11-08,14843.945,-1
2020-11-09,15489.47,1
2020-11-10,15334.87,-1
2020-11-11,15313.4433,-1
2020-11-12,15706.54,1
2020-11-13,16301.0267,1
2020-11-14,16330.3433,1
2020-11-15,16075.7133,-1
2020-11-16,15968.245,-1
2020-11-17,16720.605,1
2020-11-18,17676.335,1
2020-11-19,17785.2667,1
2020-11-20,17815.0783,1
2020-11-21,18675.4333,1
2020-11-22,18697.5133,1
2020-11-23,18423.5133,-1
2020-11-24,18381.7167,-1
2020-11-25,19161.2683,1
2020-11-26,18723.5467,-1
2020-11-27,17182.485,-1
2020-11-28,17156.3033,-1
2020-11-29,17737.9667,1
2020-11-30,18196.5467,1
2020-12-01,19708.0967,1
2020-12-02,18795.1967,-1
2020-12-03,19226.22,1
2020-12-04,19450.2667,1
2020-12-05,18657.42,-1
2020-12-06,19157.925,1
2020-12-07,19386.7117,1
2020-12-08,19185.3967,-1
2020-12-09,18322.5533,-1
2020-12-10,18553.92,1
2020-12-11,18255.9233,-1
2020-12-12,18039.7617,-1
2020-12-13,18811.0617,1
2020-12-14,19168.7533,1
2020-12-15,19274.8733,1
2020-12-16,19444.5483,1
2020-12-17,21349.8467,1
2020-12-18,22812.2817,1
2020-12-19,23133.2867,1
2020-12-20,23835.305,1
2020-12-21,23458.9967,-1
2020-12-22,22718.225,-1
2020-12-23,23817.3067,1
2020-12-24,23229.0133,-1
2020-12-25,23729.6483,1
2020-12-26,24707.8017,1
2020-12-27,26445.95,1
2020-12-28,26248.2767,-1
2020-12-29,27041.8667,1
2020-12-30,27353.9783,1
2020-12-31,28886.04,1
2021-01-01,28956.265,1
2021-01-02,29391.775,1
2021-01-03,32198.48,1
2021-01-04,33033.62,1
2021-01-05,32017.565,-1
2021-01-06,34035.0067,1
2021-01-07,36826.9783,1
2021-01-08,39475.6067,1
2021-01-09,40616.7217,1
2021-01-10,40227.8683,-1
2021-01-11,38191.55,-1
2021-01-12,35463.1883,-1
2021-01-13,34059.9133,-1
2021-01-14,37375.8033,1
2021-01-15,39138.075,1
2021-01-16,36770.0433,-1
2021-01-17,36029.1967,-1
2021-01-18,35845.0217,-1
2021-01-19,36656.9933,1
2021-01-20,35929.1683,-1
2021-01-21,35510.67,-1
2021-01-22,30838.5,-1
2021-01-23,33018.825,1
2021-01-24,32106.7033,-1
2021-01-25,32297.165,1
2021-01-26,32255.35,-1
2021-01-27,32518.3583,1
2021-01-28,30425.3933,-1
2021-01-29,33420.045,1
2021-01-30,34264.01,1
2021-01-31,34324.2717,1
2021-02-01,33129.7433,-1
2021-02-02,33543.77,1
2021-02-03,35528.31,1
2021-02-04,37685.2767,1
2021-02-05,36984.6783,-1
2021-02-06,38306.2467,1
2021-02-07,39269.3417,1
2021-02-08,38862.35,-1
2021-02-09,46436.09,1
2021-02-10,46502.2933,1
2021-02-11,44855.6167,-1
2021-02-12,48004.6533,1
2021-02-13,47410.4033,-1
2021-02-14,47211.6683,-1
2021-02-15,48633.26,1
2021-02-16,47934.1267,-1
2021-02-17,49185.7283,1
2021-02-18,52127.32,1
2021-02-19,51573.4067,-1
2021-02-20,55923.13,1
2021-02-21,55898.44,-1
2021-02-22,57441.6,1
2021-02-23,54117.495,-1
2021-02-24,48901.0167,-1
2021-02-25,49734.52,1
2021-02-26,47104.7833,-1
2021-02-27,46329.74,-1
2021-02-28,46189.3783,-1
2021-03-01,45256.4133,-1
2021-03-02,49619.6433,1
2021-03-03,48502.8083,-1
2021-03-04,50422.1683,1
2021-03-05,48365.145,-1
2021-03-06,48780.96,1
2021-03-07,48887.0233,1
2021-03-08,50985.9417,1
2021-03-09,52393.36,1
2021-03-10,54932.3367,1
2021-03-11,55890.255,1
2021-03-12,57827.6133,1
2021-03-13,57254.9,-1
2021-03-14,61184.8267,1
2021-03-15,58991.5683,-1
2021-03-16,55652.0067,-1
2021-03-17,56921.495,1
2021-03-18,58899.975,1
2021-03-19,57638.09,-1
2021-03-20,58069.2567,1
2021-03-21,58119.0917,1
2021-03-22,57372.9783,-1
2021-03-23,54091.9683,-1
2021-03-24,54343.355,1
2021-03-25,52291.855,-1
2021-03-26,51344.275,-1
2021-03-27,55046.03,1
2021-03-28,55853.7717,1
2021-03-29,55777.2867,-1
2021-03-30,57641.5567,1
2021-03-31,58795.9467,1
2021-04-01,58793.8417,-1
2021-04-02,58726.6833,-1
2021-04-03,58981.1117,1
2021-04-04,57065.38,-1
2021-04-05,58221.755,1
2021-04-06,59140.685,1
2021-04-07,58011.415,-1
2021-04-08,55950.97,-1
2021-04-09,58087.18,1
2021-04-10,58119.59,1
2021-04-11,59791.845,1
2021-04-12,59990.8733,1
2021-04-13,59856.7133,-1
2021-04-14,63564.8333,1
2021-04-15,62954.5883,-1
2021-04-16,63223.7683,1
2021-04-17,61394.885,-1
2021-04-18,60023.5133,-1
2021-04-19,56232.3767,-1
2021-04-20,55668.2283,-1
2021-04-21,56499.2767,1
2021-04-22,53812.075,-1
2021-04-23,51722.1333,-1
2021-04-24,51161.1467,-1
2021-04-25,50123.7367,-1
2021-04-26,49128.24,-1
2021-04-27,54069.5117,1
2021-04-28,55066.08,1
2021-04-29,54877.7017,-1
2021-04-30,53579.9583,-1
2021-05-01,57736.8583,1
2021-05-02,57836.0067,1
2021-05-03,56608.8033,-1
2021-05-04,57189.4833,1
2021-05-05,53240.3383,-1
2021-05-06,57501.215,1
2021-05-07,56437.9833,-1
2021-05-08,57351.0667,1
2021-05-09,58940.025,1
2021-05-10,58290.33,-1
2021-05-11,55862.21,-1
2021-05-12,56737.8433,1
2021-05-13,49514.9883,-1
2021-05-14,49724.3183,1
2021-05-15,49903.4717,1
2021-05-16,46777.2883,-1
2021-05-17,46493.5217,-1
2021-05-18,43563.3433,-1
2021-05-19,42896.3217,-1
2021-05-20,36765.5983,-1
2021-05-21,40593.8117,1
2021-05-22,37361.405,-1
2021-05-23,37516.8317,1
2021-05-24,34720.7417,-1
2021-05-25,38856.76,1
2021-05-26,38378.96,-1
2021-05-27,39299.3583,1
2021-05-28,38534.7717,-1
2021-05-29,35678.94,-1
2021-05-30,34613.67,-1
2021-05-31,35649.8283,1
2021-06-01,37277.445,1
2021-06-02,36681.7417,-1
2021-06-03,37583.65,1
2021-06-04,39232.6517,1
2021-06-05,36851.8417,-1
2021-06-06,35534.9267,-1
2021-06-07,35801.1317,1
2021-06-08,33580.7767,-1
2021-06-09,33406.4817,-1
2021-06-10,37383.66,1
2021-06-11,36683.9167,-1
2021-06-12,37338.0367,1
2021-06-13,35545.9817,-1
2021-06-14,39018.0383,1
2021-06-15,40518.6883,1
2021-06-16,40160.7267,-1
2021-06-17,38344.7233,-1
2021-06-18,38087.2533,-1
2021-06-19,35814.6417,-1
2021-06-20,35519.7117,-1
2021-06-21,35605.68,1
2021-06-22,31651.5733,-1
2021-06-23,32538.255,1
2021-06-24,33690.375,1
2021-06-25,34657.9733,1
2021-06-26,31586.9033,-1
2021-06-27,32308.725,1
2021-06-28,34708.96,1
2021-06-29,34497.755,-1
2021-06-30,35918.88,1
2021-07-01,35053.4183,-1
2021-07-02,33524.9833,-1
2021-07-03,33803.965,1
2021-07-04,34684.1333,1
2021-07-05,35287.2033,1
2021-07-06,33694.795,-1
2021-07-07,34233.8467,1
2021-07-08,33876.69,-1
2021-07-09,32869.9583,-1
2021-07-10,33805.3783,1
2021-07-11,33513.4867,-1
2021-07-12,34254.0,1
2021-07-13,33092.925,-1
2021-07-14,32727.9283,-1
2021-07-15,32822.1817,1
2021-07-16,31870.0083,-1
2021-07-17,31400.4217,-1
2021-07-18,31539.0267,1
2021-07-19,31800.12,1
2021-07-20,30837.89,-1
2021-07-21,29800.7367,-1
2021-07-22,32146.0733,1
2021-07-23,32306.5917,1
2021-07-24,33646.4367,1
2021-07-25,34289.1017,1
2021-07-26,35417.4683,1
2021-07-27,37268.7083,1
2021-07-28,39489.8683,1
2021-07-29,40021.7183,1
2021-07-30,40039.9783,1
2021-07-31,42208.2233,1
2021-08-01,41458.8433,-1
2021-08-02,39882.385,-1
2021-08-03,39154.7917,-1
2021-08-04,38198.685,-1
2021-08-05,39742.4433,1
2021-08-06,40887.41,1
2021-08-07,42856.3483,1
2021-08-08,44606.61,1
2021-08-09,43804.8083,-1
2021-08-10,46283.2333,1
2021-08-11,45606.6133,-1
2021-08-12,45556.0133,-1
2021-08-13,44415.8567,-1
2021-08-14,47837.6783,1
2021-08-15,47098.2633,-1
2021-08-16,47018.9017,-1
2021-08-17,45927.405,-1
2021-08-18,44686.3333,-1
2021-08-19,44725.12,1
2021-08-20,46768.7083,1
2021-08-21,49345.8517,1
2021-08-22,48862.0467,-1
2021-08-23,49278.8733,1
2021-08-24,49525.4783,1
2021-08-25,47705.4083,-1
2021-08-26,48996.0733,1
2021-08-27,46842.8117,-1
2021-08-28,49082.5783,1
2021-08-29,48923.55,-1
2021-08-30,48799.5817,-1
2021-08-31,46996.925,-1
2021-09-01,47127.2,1
2021-09-02,48840.9633,1
2021-09-03,49284.7,1
2021-09-04,50012.9283,1
2021-09-05,49924.7283,-1
2021-09-06,51788.98,1
2021-09-07,52688.2417,1
2021-09-08,46856.45,-1
2021-09-09,46070.405,-1
2021-09-10,46391.0983,1
2021-09-11,44849.31,-1
2021-09-12,45168.8233,1
2021-09-13,46043.9567,1
2021-09-14,44955.3717,-1
2021-09-15,47112.1767,1
2021-09-16,48139.485,1
2021-09-17,47770.4467,-1
2021-09-18,47297.3683,-1
2021-09-19,48315.0433,1
2021-09-20,47247.4317,-1
2021-09-21,43014.7217,-1
2021-09-22,40681.445,-1
2021-09-23,43577.9517,1
2021-09-24,44893.5833,1
2021-09-25,42851.7017,-1
2021-09-26,42709.5933,-1
2021-09-27,43199.4867,1
2021-09-28,42178.03,-1
2021-09-29,41046.4417,-1
2021-09-30,41535.125,1
2021-10-01,43825.5417,1
2021-10-02,48162.7067,1
2021-10-03,47671.9367,-1
2021-10-04,48233.0983,1
2021-10-05,49240.26,1
2021-10-06,51495.32,1
2021-10-07,55340.015,1
2021-10-08,53798.405,-1
2021-10-09,53944.2767,1
2021-10-10,54960.8483,1
2021-10-11,54686.1333,-1
2021-10-12,57490.3067,1
2021-10-13,56001.745,-1
2021-10-14,57375.7267,1
2021-10-15,57355.0283,-1
2021-10-16,61693.79,1
2021-10-17,60871.4467,-1
2021-10-18,61518.8433,1
2021-10-19,62025.1667,1
2021-10-20,64286.5167,1
2021-10-21,66015.0967,1
2021-10-22,62201.9633,-1
2021-10-23,60696.97,-1
2021-10-24,61307.6667,1
2021-10-25,60849.5667,-1
2021-10-26,63084.5717,1
2021-10-27,60307.6533,-1
2021-10-28,58457.8717,-1
2021-10-29,60591.9433,1
2021-10-30,62253.32,1
2021-10-31,61888.405,-1
2021-11-01,61338.5317,-1
2021-11-02,60955.7683,-1
2021-11-03,63246.855,1
2021-11-04,62926.8233,-1
2021-11-05,61444.2283,-1
2021-11-06,61016.2883,-1
2021-11-07,61514.3833,1
2021-11-08,63287.79,1
2021-11-09,67544.8733,1
2021-11-10,66941.8717,-1
2021-11-11,64924.3533,-1
2021-11-12,64818.75,-1
2021-11-13,64142.9817,-1
2021-11-14,64410.975,1
2021-11-15,65495.3183,1
2021-11-16,63599.7467,-1
2021-11-17,60112.9583,-1
2021-11-18,60364.085,1
2021-11-19,56925.4283,-1
2021-11-20,58121.7817,1
2021-11-21,59763.9583,1
2021-11-22,58689.5383,-1
2021-11-23,56290.1683,-1
2021-11-24,57594.305,1
2021-11-25,57172.54,-1
2021-11-26,58999.1183,1
2021-11-27,53798.905,-1
2021-11-28,54772.275,1
2021-11-29,57319.5733,1
2021-11-30,57834.505,1
2021-12-01,56974.035,-1
2021-12-02,57238.6217,1
2021-12-03,56522.1483,-1
2021-12-04,53671.99,-1
2021-12-05,49247.4233,-1
2021-12-06,49454.1033,1
2021-12-07,50516.595,1
2021-12-08,50631.1267,1
2021-12-09,50510.235,-1
2021-12-10,47591.0267,-1
2021-12-11,47176.7617,-1
2021-12-12,49388.085,1
2021-12-13,50105.7917,1
2021-12-14,46735.5167,-1
2021-12-15,48385.125,1
2021-12-16,48886.06,1
2021-12-17,47645.4233,-1
2021-12-18,46171.715,-1
2021-12-19,46863.7717,1
2021-12-20,46695.385,-1
2021-12-21,46913.6417,1
2021-12-22,48923.3067,1
2021-12-23,48620.5417,-1
2021-12-24,50832.2517,1
2021-12-25,50831.9433,-1
2021-12-26,50436.6433,-1
2021-12-27,50796.875,1
2021-12-28,50696.565,-1
2021-12-29,47549.8233,-1
2021-12-30,46470.69,-1
2021-12-31,47138.0417,1
2022-01-01,46206.1767,-1
2022-01-02,47742.995,1
2022-01-03,47310.9233,-1
2022-01-04,46448.0367,-1
2022-01-05,45837.3333,-1
2022-01-06,43430.7067,-1
2022-01-07,43098.685,-1
2022-01-08,41541.2233,-1
2022-01-09,41689.195,1
2022-01-10,41864.1067,1
2022-01-11,41838.4617,-1
2022-01-12,42744.29,1
2022-01-13,43921.2833,1
2022-01-14,42577.1583,-1
2022-01-15,43095.525,1
2022-01-16,43096.105,1
2022-01-17,43091.2567,-1
2022-01-18,42224.7167,-1
2022-01-19,42373.6817,1
2022-01-20,41676.665,-1
2022-01-21,40705.4417,-1
2022-01-22,36462.6283,-1
2022-01-23,35085.14,-1
2022-01-24,36286.2217,1
2022-01-25,36703.22,1
2022-01-26,36981.4917,1
2022-01-27,36828.1,-1
2022-01-28,37194.41,1
2022-01-29,37740.7367,1
2022-01-30,38186.37,1
2022-01-31,37915.8983,-1
2022-02-01,38499.2683,1
2022-02-02,38718.8067,1
2022-02-03,36918.195,-1
2022-02-04,37339.93,1
2022-02-05,41580.4283,1
2022-02-06,41420.2367,-1
2022-02-07,42414.5633,1
2022-02-08,43868.43,1
2022-02-09,44080.5583,1
2022-02-10,44427.395,1
2022-02-11,43529.695,-1
2022-02-12,42404.5383,-1
2022-02-13,42235.445,-1
2022-02-14,42076.9183,-1
2022-02-15,42551.44,1
2022-02-16,44573.1483,1
2022-02-17,43900.745,-1
2022-02-18,40558.95,-1
2022-02-19,40016.7933,-1
2022-02-20,40116.055,1
2022-02-21,38411.1083,-1
2022-02-22,37042.7233,-1
2022-02-23,38273.0417,1
2022-02-24,37274.8567,-1
2022-02-25,38357.1617,1
2022-02-26,39233.7383,1
2022-02-27,39138.3683,-1
2022-02-28,37721.3933,-1
2022-03-01,43197.5817,1
2022-03-02,44438.34,1
2022-03-03,43931.7,-1
2022-03-04,42476.5117,-1
2022-03-05,39165.255,-1
2022-03-06,39411.1383,1
2022-03-07,38426.475,-1
2022-03-08,38012.92,-1
2022-03-09,38753.6467,1
2022-03-10,41957.5333,1
2022-03-11,39439.1533,-1
2022-03-12,38739.66,-1
2022-03-13,38814.2817,1
2022-03-14,37788.0583,-1
2022-03-15,39691.7917,1
2022-03-16,39310.215,-1
2022-03-17,41134.125,1
2022-03-18,40945.165,-1
2022-03-19,41778.7817,1
2022-03-20,42228.0883,1
2022-03-21,41276.2617,-1
2022-03-22,41037.885,-1
2022-03-23,42375.065,1
2022-03-24,42540.7775,1
2022-03-25,43921.275,1
2022-03-26,44360.5,1
2022-03-27,44350.51,-1
2022-03-28,46631.25,1
2022-03-29,48173.2,1
2022-03-30,47384.5,-1
2022-03-31,47151.5,-1
2022-04-01,46318.5625,-1
2022-04-02,46154.5,-1
2022-04-03,46321.275,1
2022-04-04,46571.355,1
2022-04-05,45701.5475,-1
2022-04-06,45809.58,1
2022-04-07,44106.255,-1
2022-04-08,43600.0,-1
2022-04-09,43090.215,-1
2022-04-10,42459.5,-1
2022-04-11,42726.0,1
2022-04-12,40865.25,-1
2022-04-13,40617.5,-1
2022-04-14,39888.5,-1
2022-04-15,41023.5,1
2022-04-16,40310.5,-1
2022-04-17,40411.5,1
2022-04-18,40339.5,-1
2022-04-19,39036.355,-1
2022-04-20,40661.67,1
2022-04-21,41440.0,1
2022-04-22,41931.0,1
2022-04-23,39494.5,-1
2022-04-24,39732.605,1
2022-04-25,39605.645,-1
2022-04-26,39111.5,-1
2022-04-27,39971.98,1
2022-04-28,39043.5,-1
2022-04-29,39627.555,1
2022-04-30,39158.385,-1
2022-05-01,38617.0,-1
2022-05-02,37923.8125,-1
2022-05-03,38913.875,1
2022-05-04,38580.5,-1
2022-05-05,38368.5,-1
2022-05-06,39690.5,1
2022-05-07,36469.28,-1
2022-05-08,35933.5,-1
2022-05-09,34637.3075,-1
2022-05-10,33528.5,-1
2022-05-11,32050.5,-1
2022-05-12,31474.35,-1
2022-05-13,27127.9625,-1
2022-05-14,30219.84,1
2022-05-15,29378.75,-1
2022-05-16,29817.5,1
2022-05-17,30376.445,1
2022-05-18,30160.5,-1
2022-05-23,29339.5,-1
2022-05-24,30133.5,1
2022-05-27,29085.5,-1
2022-05-28,28870.625,-1
2022-05-29,28769.675,-1
2022-05-30,29181.0225,1
2022-05-31,30592.5,1
2022-06-01,31533.775,1
2022-06-02,31451.5,-1
2022-06-03,29731.4275,-1
2022-06-04,30489.8275,1
2022-06-06,29796.3175,-1
2022-06-07,31246.5,1
2022-06-08,29566.3367,-1
2022-06-09,29893.315,1
2022-06-13,27533.1017,-1
2022-06-14,25423.5,-1
2022-07-01,19455.625,-1
2022-07-02,19488.0,1
2022-07-03,19188.5217,-1
2022-07-04,19115.52,-1
2022-07-05,19129.0,1
2022-07-06,20205.6075,1
2022-07-07,19930.845,-1
2022-07-11,21296.005,1
